ID,time,mood,circumplex.arousal,circumplex.valence,activity,screen,call,sms,appCat.builtin,appCat.communication,appCat.entertainment,appCat.finance,appCat.game,appCat.office,appCat.other,appCat.social,appCat.travel,appCat.unknown,appCat.utilities,appCat.weather
AS14.01,2014-03-21,6.2,0.2,0.2,3.0831523917559385,1423.2499997615812,6.0,0.0,637.4630000000001,1473.5629999999996,31.333000000000002,49.544000000000004,,5.479,50.465,1460.99,110.13499999999999,,152.542,
AS14.01,2014-03-22,6.4,0.6,0.5,3.79008350783933,1715.8189992904663,3.0,1.0,324.32900000000006,948.0269999999998,4.01,21.076,,0.0,60.565000000000005,231.512,37.305,,0.0,
AS14.01,2014-03-23,6.8,0.2,0.8,2.141116737075955,1227.2550015449524,0.0,0.0,331.7729999999999,935.6040000000002,4.028,20.201999999999998,,0.0,40.604,426.429,0.0,,0.0,
AS14.01,2014-03-24,6.0,0.8,0.0,1.8950653467743512,2790.2540016174316,10.0,0.0,573.0870000000001,2436.2450000000013,40.16900000000001,34.106,,3.01,66.55799999999999,915.0529999999999,35.004999999999995,,10.064,
AS14.01,2014-03-25,6.75,0.5,0.5,2.360978697372162,1697.3759989738464,0.0,1.0,283.73699999999997,1726.9819999999995,0.0,22.073999999999998,,0.0,31.68,540.9290000000001,0.0,79.546,41.807,
AS14.01,2014-03-26,6.6,-0.2,0.6,2.4313997200818225,2855.8500006198883,0.0,0.0,366.26000000000005,2291.18,2.024,52.331,,0.0,56.525,461.20799999999986,0.0,0.0,0.0,
AS14.01,2014-03-27,7.0,0.2,0.8,3.509234101320145,2084.524999856949,2.0,1.0,517.677,2103.449,16.054,20.055999999999997,,13.29,37.461,291.15000000000003,47.314,0.0,78.55499999999999,
AS14.01,2014-03-28,6.4,-0.6,0.6,2.2967525192908838,1246.6359992027285,5.0,0.0,387.73400000000015,458.852,4.023,46.863,41.125,0.0,23.169,432.391,191.72699999999998,0.0,69.545,
AS14.01,2014-03-29,8.0,0.2,1.0,1.6368674424448715,825.9260001182554,4.0,1.0,291.442,700.7909999999999,24.442999999999998,0.0,0.0,0.0,55.489,101.739,52.435,0.0,88.044,
AS14.01,2014-03-30,7.5,-0.5,0.75,0.6873015873015881,295.07800054550177,0.0,0.0,191.516,249.71999999999994,0.0,0.0,0.0,0.0,43.634,38.281,0.0,18.061,0.0,
AS14.01,2014-03-31,7.4,0.0,0.6,1.6921315412013493,1647.740999937057,6.0,0.0,572.5540000000002,1461.0000000000002,124.33099999999999,41.255,51.176,0.0,46.666,537.692,183.381,29.29,86.50300000000001,
AS14.01,2014-04-01,6.0,0.2,0.0,2.8426378251056637,2592.179000377655,1.0,0.0,653.4899999999996,2236.064,64.868,184.48,105.936,3.159,49.382000000000005,1989.1570000000002,96.609,0.0,200.543,
AS14.03,2014-04-10,7.4,0.4,1.0,2.593593578764668,1256.9730012416842,0.0,2.0,7.144,986.0310000000001,130.193,0.0,,5.217,51.844,13.22,0.0,0.0,0.0,
AS14.03,2014-04-11,7.6,0.2,1.0,2.8845139985223724,964.1069993972774,0.0,0.0,26.6,819.9939999999996,145.681,17.149,,9.16,52.096999999999994,0.0,0.0,28.343,4.513,
AS14.03,2014-04-12,7.666666666666667,0.3333333333333333,1.0,3.0488962145108283,355.61199951171875,6.0,0.0,34.767,90.499,57.671,0.0,,0.0,47.74099999999999,0.0,0.0,21.096,9.33,
AS14.03,2014-04-13,7.4,0.2,1.0,1.8753010119888427,791.3079991340637,1.0,1.0,24.662,457.5449999999999,177.33100000000005,0.0,,33.391999999999996,30.384,0.0,0.0,0.0,0.0,
AS14.03,2014-04-14,7.0,0.0,0.8,2.229510377227371,812.5700004100798,0.0,1.0,85.444,474.52699999999993,168.135,0.0,,0.0,22.392000000000003,41.365,0.0,11.226,17.303,
AS14.03,2014-04-15,7.6,0.2,0.8,2.8693199645133904,1740.628998041153,6.0,0.0,107.898,984.6749999999998,127.60799999999998,0.0,,6.025,42.955000000000005,0.0,0.0,12.082,0.0,
AS14.03,2014-04-16,8.0,0.8,1.0,2.7544360611587306,1219.6689999103546,2.0,0.0,73.12599999999999,525.081,193.71899999999997,18.113,,0.0,80.165,0.0,0.0,38.227999999999994,7.662,
AS14.03,2014-04-17,7.25,0.25,0.75,3.3806219124567916,1669.3419995307922,4.0,2.0,96.44800000000001,1372.6760000000002,182.641,0.0,,0.0,75.961,0.0,0.0,0.0,7.145,
AS14.03,2014-04-18,7.5,0.0,1.0,1.773025989585819,1058.7539994716647,6.0,0.0,71.44900000000001,285.19100000000003,88.361,0.0,,6.917999999999999,47.28200000000001,0.0,0.0,18.267,7.954,
AS14.03,2014-04-19,7.8,0.6,0.8,4.997514650145649,583.6770000457763,4.0,1.0,44.48100000000001,280.18,66.705,0.0,,0.0,36.405,0.0,19.108,0.0,0.0,
AS14.03,2014-04-20,7.5,0.25,1.0,3.5244632933747253,1048.1069993972778,3.0,2.0,82.90299999999999,502.4419999999999,289.2400000000001,0.0,,0.0,23.981,0.0,26.617,12.211,0.0,
AS14.03,2014-04-21,7.4,0.2,1.0,0.5002993207385155,131.4640007019043,3.0,0.0,16.541,30.991,109.49799999999998,0.0,,0.0,38.185,0.0,10.253,0.0,5.461,
AS14.03,2014-04-22,7.6,0.4,0.8,2.228534747059754,1000.4740004539491,0.0,0.0,36.980999999999995,553.5120000000001,167.265,0.0,,9.798,50.931000000000004,0.0,0.0,23.108,0.0,
AS14.03,2014-04-23,7.0,0.6,0.8,2.889353264085885,1729.0719995498657,0.0,1.0,30.181,966.4360000000004,241.16499999999988,0.0,,0.0,58.527,0.0,0.0,24.156,0.0,
AS14.03,2014-04-24,7.4,-0.2,1.0,2.5440262136656377,968.2680006027224,0.0,0.0,33.859,754.997,248.67099999999996,19.22,,0.0,55.668,0.0,0.0,17.439,0.0,
AS14.03,2014-04-25,7.5,-1.0,1.0,2.5480228372916143,1279.3800001144411,0.0,0.0,10.209000000000001,874.6059999999999,242.81499999999988,19.303,,0.0,57.62399999999999,0.0,0.0,54.501,10.174,
AS14.03,2014-04-26,7.5,-0.25,1.0,6.459414008025229,370.99199962615955,4.0,5.0,45.605,168.6,174.33899999999994,0.0,,0.0,58.39199999999999,19.455000000000002,0.0,0.0,0.0,
AS14.03,2014-04-27,7.6,-1.4,1.0,1.5732497222135815,1057.5909996032717,0.0,0.0,8.94,308.887,152.616,0.0,,0.0,46.407000000000004,0.0,124.631,56.349999999999994,0.0,
AS14.03,2014-04-28,7.0,-1.4,1.0,1.9830837681871973,1187.3810002803802,1.0,0.0,39.413,854.5779999999999,219.203,28.117,,0.0,47.72,7.876,0.0,16.492,13.238,
AS14.06,2014-03-25,7.0,-0.2,0.6,2.478754578754579,808.0850009918213,0.0,0.0,8.036,721.3100000000003,425.1259999999999,,,19.137,33.483000000000004,207.25599999999997,,,,
AS14.06,2014-03-26,8.0,0.5,1.5,2.440127753385805,1280.2480010986326,2.0,0.0,32.399,930.6949999999999,568.8619999999995,,,0.0,60.047000000000004,549.457,177.954,,,
AS14.06,2014-03-27,7.0,0.25,0.25,2.3819148936170205,721.7690002918242,1.0,0.0,13.073999999999998,825.5559999999998,423.1479999999998,,,0.0,38.326,263.512,0.0,,,
AS14.06,2014-03-28,7.6,-0.2,0.8,2.9150035014005597,841.5360009670258,0.0,1.0,12.079,1323.0420000000001,535.4469999999997,,,0.0,62.614,567.03,24.401,,,
AS14.06,2014-03-29,7.8,0.0,1.0,1.7852941176470585,504.57700037956243,0.0,0.0,4.057,499.6010000000001,368.19699999999995,,,0.0,39.355,657.845,0.0,,,
AS14.06,2014-03-30,7.8,0.0,0.8,3.169467787114847,843.4239990711211,1.0,4.0,76.87400000000001,205.47,290.9539999999999,,,0.0,44.391,319.85800000000006,0.0,,,4.859
AS14.06,2014-03-31,7.0,-0.2,0.4,2.890898224043714,832.1260001659391,1.0,0.0,24.744,993.8119999999998,435.34899999999965,,,0.0,49.306,732.3990000000002,0.0,,,0.0
AS14.06,2014-04-01,7.75,0.0,0.75,3.839511597842031,624.4339993000032,3.0,0.0,45.525,770.665,294.549,,,0.0,37.296,638.6099999999999,0.0,,,0.0
AS14.06,2014-04-02,6.8,-0.6,0.4,2.600840336134454,1125.908000230789,4.0,0.0,21.29,949.2699999999999,514.0099999999996,,,0.0,41.415,568.385,22.122,,,0.0
AS14.06,2014-04-03,7.2,0.0,0.4,3.7723301657333552,1135.5530002117155,2.0,0.0,28.332000000000004,1018.5669999999998,395.96999999999997,,9.028,0.0,54.772,554.058,86.76800000000001,,,0.0
AS14.06,2014-04-04,7.0,-0.4,0.2,2.541904761904763,511.25699996948265,0.0,0.0,35.452999999999996,606.8729999999998,376.94899999999996,,61.24,0.0,41.732,678.162,53.604,,,0.0
AS14.06,2014-04-05,7.0,-0.4,0.8,4.384108527131782,714.2870001792909,2.0,0.0,27.147,411.32,205.90299999999988,,0.0,0.0,38.543,274.029,40.704,,,0.0
AS14.06,2014-04-06,7.0,-1.0,0.4,0.4697916666666663,84.02699995040892,1.0,0.0,10.072999999999999,183.542,140.22299999999996,,0.0,0.0,34.256,285.801,0.0,,,0.0
AS14.06,2014-04-07,6.2,-0.6,0.0,3.3141025641025625,586.5589995384216,3.0,0.0,24.14,946.5429999999999,215.558,,0.0,0.0,43.457,676.4100000000001,37.449,,,0.0
AS14.06,2014-04-08,6.6,-0.2,0.0,3.1490740740740746,897.1949989795686,4.0,1.0,55.16100000000001,855.7749999999995,439.5280000000001,,0.0,1.003,61.25599999999999,546.93,4.01,,,0.0
AS14.06,2014-04-09,7.4,0.4,0.8,1.7526315789473683,703.0539999008178,1.0,0.0,7.039,951.736,419.13599999999997,,0.0,0.0,40.434999999999995,703.9839999999999,2.014,,,1.007
AS14.06,2014-04-10,7.6,-0.2,0.8,3.8128321678321684,1114.2890000343325,1.0,4.0,13.998999999999999,1198.5649999999996,583.4149999999994,,9.124,0.0,39.512,887.3829999999999,258.448,,,0.0
AS14.06,2014-04-11,7.8,-0.2,1.0,3.500584062597123,1075.8959991931915,0.0,0.0,18.195999999999998,1010.2810000000003,631.236,,0.0,0.0,23.227,751.7529999999997,100.72,,,0.0
AS14.06,2014-04-12,8.2,0.4,1.0,3.508683473389356,600.2740004062654,0.0,0.0,18.868,212.01799999999997,306.96500000000015,,0.0,0.0,36.323,201.50900000000001,3.475,,,16.081
AS14.06,2014-04-13,6.5,-1.5,0.25,5.171122994652407,716.4279999732973,2.0,0.0,35.972,926.391,359.6819999999997,,0.0,0.0,38.403,464.57499999999993,169.661,,,0.0
AS14.06,2014-04-14,7.25,-0.25,0.75,3.217372881355932,704.4419994354246,2.0,0.0,28.465,581.9979999999998,265.0159999999999,,0.0,0.0,38.558,315.887,0.0,,,0.0
AS14.06,2014-04-15,7.0,-0.4,0.6,3.6101449275362305,1007.6869995594025,5.0,1.0,52.827999999999996,810.7420000000001,343.302,,0.0,0.0,36.269999999999996,534.886,18.202,,,12.056000000000001
AS14.06,2014-04-16,7.6,0.0,0.4,2.4661064425770305,1347.086998462677,1.0,0.0,52.757,1347.4609999999996,584.0449999999997,,0.0,0.0,65.859,1202.1209999999999,80.631,,,0.0
AS14.06,2014-04-17,6.8,0.2,0.6,2.730072463768116,1014.9920012950898,1.0,0.0,43.343,1142.7779999999998,383.417,,0.0,3.008,39.31100000000001,667.0790000000001,37.3,,,0.0
AS14.06,2014-04-18,6.25,-1.0,0.5,2.485663082437276,1001.7110004425048,3.0,0.0,7.178,851.651,381.06899999999996,,76.947,0.0,57.885,296.943,56.607,,,0.0
AS14.06,2014-04-19,6.8,0.2,0.6,2.3583333333333347,802.4490001201632,4.0,0.0,36.44199999999999,483.13200000000006,284.50199999999995,,,0.0,33.376000000000005,188.92000000000002,0.0,,,0.0
AS14.06,2014-04-20,8.2,0.6,0.8,0.7117816091954017,386.96000027656544,0.0,0.0,10.221,271.137,222.69700000000003,,,0.0,52.714,402.4020000000001,0.0,,,0.0
AS14.06,2014-04-21,7.0,0.2,0.6,1.09535121741004,987.1929988861085,1.0,0.0,16.487000000000002,976.1859999999999,408.7769999999999,,,0.0,40.607,471.706,42.671,,,0.0
AS14.06,2014-04-22,6.6,-0.4,0.6,2.456462585034012,1626.7039980888367,6.0,1.0,33.39,1562.1540000000002,769.5949999999997,,,0.0,45.784000000000006,585.699,19.198,,,0.0
AS14.06,2014-04-23,7.0,0.0,0.8,2.2733650407099524,931.292999267578,4.0,0.0,14.076,895.2919999999999,533.643,,,6.09,34.478,488.94200000000006,39.757,,,0.0
AS14.06,2014-04-24,7.75,-0.25,0.75,4.242789228134413,1395.9009997844694,5.0,3.0,5.063,1114.0100000000002,505.95599999999973,,,4.016,17.097,340.80799999999994,120.023,,,15.117
AS14.06,2014-04-25,6.4,-1.0,0.4,3.9749999999999983,1119.2480006217957,3.0,0.0,27.168,931.381,458.1939999999998,,,7.033,48.459999999999994,591.872,0.0,,,0.0
AS14.06,2014-04-26,7.5,0.0,1.0,4.958333333333335,1548.389000892639,10.0,1.0,68.383,785.619,661.7049999999998,,,9.028,21.14,125.86899999999999,45.608,,,0.0
AS14.06,2014-04-27,7.2,-0.6,1.0,0.9554534313725486,395.26200079917913,0.0,0.0,0.0,142.504,190.017,,,0.0,33.153999999999996,145.946,0.0,,,0.0
AS14.06,2014-04-28,6.75,-0.25,0.5,3.101839826839827,1047.6400012969973,0.0,0.0,4.0120000000000005,1046.575,373.6649999999999,,,0.0,29.229000000000003,427.23100000000005,0.0,,,0.0
AS14.06,2014-04-29,7.25,0.0,1.0,3.1535480859010288,828.9850001335144,2.0,0.0,21.272000000000002,784.979,464.0679999999999,,,0.044,23.115,419.91300000000007,0.0,,,0.0
AS14.06,2014-04-30,6.8,-0.6,0.6,1.9599169952838698,828.5599997043612,1.0,0.0,25.247999999999998,1164.0410000000004,453.2709999999995,,,0.0,42.517,378.3860000000001,0.0,,,0.0
AS14.06,2014-05-01,8.0,0.0,1.0,4.574175824175825,594.944000005722,2.0,0.0,33.625,276.91900000000004,280.82599999999996,,,0.0,24.146,228.68099999999998,123.271,,,0.0
AS14.06,2014-05-02,7.2,-0.75,1.0,3.3347457627118637,631.5029993057252,4.0,0.0,15.155,539.794,248.95699999999994,,,0.0,37.36,156.82500000000002,97.011,,,7.101
AS14.06,2014-05-03,6.25,-0.75,0.0,3.303880718954248,438.12599992752064,0.0,0.0,4.009,309.495,157.52200000000002,,,0.0,28.336,257.058,0.0,,,0.0
AS14.06,2014-05-04,7.6,-0.8,0.75,2.339267800143314,384.5409994125365,0.0,0.0,10.078,442.26900000000006,236.91400000000002,,,0.0,64.592,95.044,4.015,22.106,,0.0
AS14.06,2014-05-05,7.0,-0.6666666666666666,0.6666666666666666,1.2305555555555552,571.180999279022,0.0,0.0,24.224,655.7599999999999,254.21999999999997,,,0.0,31.449,432.19499999999994,0.0,,,0.0
AS14.08,2014-04-21,6.4,-1.0,0.6,0.7030790320020459,408.77499938011164,0.0,0.0,38.028000000000006,212.313,0.0,,,5.032,31.308,510.9550000000001,,0.0,6.026,
AS14.09,2014-03-22,7.0,0.0,0.6666666666666666,1.508333333333333,1409.9480009078977,0.0,0.0,9.341,916.2539999999999,476.58600000000007,,,13.309000000000001,13.264000000000001,32.567,24.57,,1.003,3.02
AS14.09,2014-03-23,6.75,0.75,0.25,0.7999999999999995,756.7750000953673,0.0,1.0,57.92,877.429,413.65899999999976,,,0.0,68.399,18.333,9.283,,3.0539999999999994,0.0
AS14.09,2014-03-24,7.25,0.5,0.5,1.9000000000000004,1510.4840004444125,0.0,0.0,30.725,952.9590000000002,529.4959999999999,25.072,,4.090999999999999,30.451,310.063,132.733,80.671,20.666999999999998,0.0
AS14.09,2014-03-25,6.2,0.4,-0.2,0.6166666666666667,968.4210011959075,1.0,0.0,35.515,1426.4969999999996,473.44699999999995,3.018,,2.117,55.207,37.762,32.474,0.0,3.016,17.433
AS14.09,2014-03-26,7.75,0.5,0.75,2.07157382847038,1081.4859998226168,3.0,2.0,25.238999999999997,736.838,384.59499999999986,0.0,,1.004,46.913,236.39,0.0,0.0,6.063,0.0
AS14.09,2014-03-27,7.8,-0.4,0.8,0.6500000000000005,807.2599997520447,1.0,0.0,26.381999999999998,274.915,339.593,0.0,,0.0,42.832,90.767,1.01,5.0329999999999995,0.0,14.396
AS14.09,2014-03-28,8.25,-0.25,1.0,1.9146825396825389,745.3330013751983,4.0,0.0,43.36600000000001,882.8920000000002,421.2089999999999,1.003,,6.096,51.966,188.947,242.066,17.192,15.863,0.0
AS14.09,2014-03-29,8.0,-0.4,1.0,1.975,1045.5309989452362,5.0,0.0,36.628,1176.257,450.2419999999997,0.0,,0.0,43.549,39.221000000000004,57.64,0.0,3.242,0.0
AS14.09,2014-03-30,7.75,-1.0,1.0,2.5750000000000006,1019.4019994735719,2.0,1.0,46.60699999999999,800.9130000000002,628.8279999999997,0.0,,0.0,41.815000000000005,292.31600000000003,0.0,0.0,4.061,50.67
AS14.09,2014-03-31,7.0,-0.2,0.2,2.0000000000000004,1077.7009994983673,3.0,0.0,62.392,799.8449999999999,437.6269999999997,1.004,,4.1,49.509,10.145,327.08500000000004,0.0,4.042999999999999,0.0
AS14.09,2014-04-01,7.6,0.0,0.6,1.9166666666666674,1151.9820003509521,5.0,0.0,58.753,1499.071,605.6650000000002,0.0,,0.0,64.097,107.098,0.0,0.0,5.071000000000001,0.0
AS14.09,2014-04-02,6.2,0.2,0.0,0.9932773109243694,761.3440001010897,2.0,0.0,25.525999999999996,466.0950000000001,316.14000000000016,0.0,,0.0,45.917,33.83,0.0,0.0,18.21,0.0
AS14.09,2014-04-03,7.6,0.0,0.6,4.341666666666666,1693.8969995975494,3.0,0.0,85.86500000000002,951.025,711.0219999999997,8.048,,4.04,49.752,47.114,494.128,1.009,0.0,0.0
AS14.09,2014-04-04,7.25,-0.75,0.75,1.8249999999999995,1047.207999944687,3.0,1.0,51.607,1090.246,549.013,7.041,,0.0,42.618,0.0,116.31099999999999,0.0,3.0869999999999997,0.0
AS14.09,2014-04-05,7.5,0.0,0.75,2.7750000000000004,1206.1320009231565,0.0,0.0,21.296,1023.5080000000002,577.8580000000001,0.0,80.992,1.012,39.839,23.491,0.0,0.0,1.007,0.0
AS14.09,2014-04-06,6.8,-0.4,0.8,3.333333333333333,1227.7270007133486,0.0,0.0,40.578,1073.408,548.4979999999996,0.0,,4.025,52.748999999999995,106.25300000000001,0.0,4.098,22.322,24.224
AS14.09,2014-04-07,6.2,-0.5,0.0,1.8750000000000009,896.0120010375977,0.0,0.0,21.234,546.255,469.34799999999996,5.071,,3.043,46.538999999999994,162.58599999999998,114.176,0.0,0.0,28.342
AS14.09,2014-04-08,7.2,0.0,0.6,2.0749999999999997,1632.4749999046326,0.0,1.0,33.623,693.122,530.875,11.297,,1.032,48.684,34.370999999999995,138.03399999999996,0.0,0.0,0.0
AS14.09,2014-04-09,6.5,0.25,0.25,0.716666666666667,754.6069998741151,3.0,0.0,16.249,623.26,228.40199999999996,0.0,,0.0,29.333999999999996,28.382,26.014,0.0,0.0,0.0
AS14.09,2014-04-10,6.0,0.75,0.0,0.42500000000000004,268.67500114440924,1.0,0.0,23.122,218.378,242.18099999999995,0.0,,0.0,19.387,54.126999999999995,0.0,0.0,2.019,0.0
AS14.09,2014-04-11,6.8,0.0,0.6,0.8,639.6359996795651,0.0,0.0,2.008,436.2120000000001,209.12999999999994,0.0,,0.0,19.296,0.0,74.315,33.303000000000004,0.0,0.0
AS14.09,2014-04-12,7.0,0.0,0.8,0.6249999999999999,246.3410003185273,2.0,0.0,0.0,452.55499999999984,193.17999999999995,0.0,,0.0,52.751999999999995,0.0,0.0,0.0,3.028,0.0
AS14.09,2014-04-13,6.0,-0.8,0.0,1.0333333333333332,334.5460000038147,0.0,1.0,12.187,260.619,153.47500000000002,0.0,,0.0,15.208,0.0,17.136,0.0,1.008,0.0
AS14.09,2014-04-14,5.8,-0.2,-0.2,0.41666666666666596,167.73400044441232,1.0,1.0,1.1,110.53,147.589,0.0,,5.029,25.479,0.0,24.711,0.0,0.0,0.0
AS14.09,2014-04-15,6.0,0.0,0.0,0.7083333333333335,680.9159998893739,1.0,1.0,3.016,328.69599999999997,156.198,0.0,,0.0,11.277000000000001,0.0,0.0,0.0,0.0,0.0
AS14.09,2014-04-16,5.5,-0.5,-0.25,0.1090909090909091,123.28600001335141,0.0,0.0,10.120999999999999,95.48,34.84,0.0,,0.0,0.0,0.0,0.0,0.0,0.0,0.0
AS14.09,2014-04-17,7.0,0.0,0.75,2.098674242424243,799.6190004348755,1.0,1.0,12.238999999999999,419.539,242.5729999999999,0.0,,0.0,32.259,0.0,43.02400000000001,43.992,5.106999999999999,0.0
AS14.09,2014-04-18,6.6,-1.2,0.6,1.2621212121212124,511.2430002689361,2.0,1.0,5.22,278.51700000000005,261.9070000000001,17.113999999999997,,2.06,12.053,38.117,22.127,0.0,3.0109999999999997,0.0
AS14.09,2014-04-19,8.0,0.25,1.0,1.5840909090909092,315.50999975204473,0.0,0.0,13.157,271.615,186.308,0.0,,4.028,20.803,36.476,53.56999999999999,0.0,0.0,0.0
AS14.12,2014-04-03,5.4,0.4,0.0,3.7761904761904757,1743.5320014953616,3.0,0.0,770.5519999999997,640.0090000000001,113.85999999999999,40.325,0.0,9.027999999999999,40.63,1066.739,28.248000000000005,,0.0,
AS14.12,2014-04-04,6.5,0.75,0.6666666666666666,3.330717371694441,1734.9159991741178,8.0,3.0,579.9319999999997,618.4350000000001,0.0,0.0,0.0,7.01,45.5,342.665,667.6089999999999,,0.0,
AS14.12,2014-04-05,6.2,0.0,0.4,3.607159522324873,1174.2830007076263,3.0,1.0,480.8640000000002,147.172,80.083,10.485,4.009,0.0,28.565,549.7,137.05599999999998,,0.0,
AS14.12,2014-04-06,6.25,0.25,0.75,2.093066867361573,519.2430005073547,0.0,0.0,266.672,59.247,5.18,0.0,0.0,0.0,39.345,52.353,207.42600000000002,,0.0,
AS14.12,2014-04-07,6.4,0.2,1.0,3.0157228645602085,1026.4549999237058,0.0,0.0,460.6449999999997,407.415,63.78099999999999,49.379,108.33800000000001,5.036,39.597,634.8360000000001,68.369,,42.898,
AS14.12,2014-04-08,6.25,0.0,0.25,2.82371931823577,1712.1440010070803,2.0,0.0,683.1070000000004,640.7860000000001,99.77600000000001,4.013,0.0,5.012,44.583000000000006,1089.9450000000004,117.34400000000001,,0.0,
AS14.12,2014-04-09,5.25,0.0,-0.5,3.972401497057019,2017.391998767853,0.0,0.0,771.3959999999995,352.844,75.60000000000001,38.118,26.144,0.0,41.01,1205.1599999999999,65.869,,17.396,
AS14.12,2014-04-10,6.4,0.2,0.6,3.2116988023577564,1438.0799996852872,0.0,0.0,596.377,174.56000000000003,43.52799999999999,0.0,5.149,0.0,56.132,1395.7199999999998,0.0,,0.0,
AS14.12,2014-04-11,6.6,-0.5,1.0,1.7162564032041814,867.8469982147217,2.0,0.0,314.295,169.195,51.686,0.0,0.0,0.0,45.553000000000004,719.461,66.431,,0.0,
AS14.12,2014-04-12,6.8,0.0,0.8,2.0167683430611363,2107.3390004634857,0.0,0.0,759.4429999999994,843.3850000000002,57.577,0.0,0.0,0.0,34.400999999999996,770.6170000000002,132.28,,12.068,
AS14.12,2014-04-13,5.6,0.6,0.0,2.289199799141452,1384.9130020141602,3.0,0.0,667.316,459.50199999999995,138.211,0.0,0.0,0.0,51.980000000000004,971.1549999999999,71.46999999999998,,5.019,
AS14.12,2014-04-14,6.6,-0.4,0.8,2.098180458624128,1658.4979999065397,1.0,0.0,593.477,574.593,37.337,22.081000000000003,0.0,0.0,30.275,927.5209999999998,0.0,,10.109,
AS14.12,2014-04-15,6.8,0.2,1.0,2.8812119312384366,2108.383999824524,6.0,0.0,706.912,765.383,11.233,40.322,0.0,0.0,53.343999999999994,1119.4339999999997,0.0,,5.128,
AS14.12,2014-04-16,7.0,0.0,1.0,4.754381582494967,1481.5560023784637,3.0,2.0,742.0179999999999,397.895,24.347,0.0,0.0,0.0,42.878,726.396,54.072,,0.0,
AS14.12,2014-04-17,6.8,-0.6,0.8,3.1454792640182117,1685.928000211716,2.0,0.0,568.5169999999998,506.747,0.0,17.466,0.0,6.083,49.81,864.6969999999999,169.277,,5.022,
AS14.12,2014-04-18,6.6,-0.6,0.8,1.9194989555706448,1260.7300000190733,0.0,0.0,379.6139999999998,158.016,107.399,9.264,0.0,0.0,37.205,1191.212,230.728,,4.026,
AS14.12,2014-04-19,5.8,0.4,0.4,4.011965416327329,2023.467001914978,4.0,2.0,654.4319999999996,411.10799999999995,35.316,0.0,0.0,0.0,41.652,998.2500000000001,93.026,,0.0,
AS14.12,2014-04-20,6.4,0.4,1.0,4.845879840887222,2609.6579997539525,0.0,0.0,754.4039999999998,171.372,26.403000000000002,0.0,227.592,2.024,51.321,1629.9410000000003,337.51800000000003,,7.1419999999999995,
AS14.12,2014-04-21,6.0,-0.25,0.75,1.6153108999251975,859.1700005531312,1.0,0.0,354.35499999999996,290.736,0.0,0.0,61.195,0.0,45.51,434.96,7.209999999999999,,3.038,
AS14.12,2014-04-22,6.5,0.25,1.0,3.951049556956835,2181.8560009002686,2.0,0.0,779.433,597.2100000000002,89.007,14.088000000000001,0.0,0.0,36.016,1793.6409999999994,453.58900000000006,,4.156,
AS14.12,2014-04-23,5.8,0.0,0.8,2.747853296033754,1420.8569996356962,6.0,0.0,572.8190000000001,364.38300000000004,80.02799999999998,0.0,0.0,0.0,39.926,854.7809999999998,40.942,,0.0,
AS14.12,2014-04-24,6.6,-0.6,0.6,2.0453472033060858,1322.1109986305235,1.0,0.0,562.952,289.282,55.211000000000006,20.047,0.0,4.256,41.343999999999994,1391.7970000000003,64.921,,0.0,
AS14.12,2014-04-25,5.6,0.2,0.2,3.2322888477424865,1262.0460007190702,3.0,1.0,410.1190000000001,249.679,0.0,17.057000000000002,0.0,0.0,46.248,616.015,86.90899999999999,,36.423,
AS14.12,2014-04-26,7.0,0.25,1.0,7.981850538027071,1080.8739988803861,6.0,0.0,399.3269999999999,189.574,0.0,0.0,0.0,0.0,42.465,186.18800000000002,153.388,,0.0,22.066
AS14.12,2014-04-27,6.0,0.0,0.75,4.643507785556638,1188.8739988803864,1.0,0.0,387.155,138.494,40.93,0.0,0.0,0.0,41.514,223.941,190.40300000000002,,0.0,
AS14.12,2014-04-28,6.6,-0.6,1.0,2.049544498373013,784.4749996662142,2.0,8.0,403.901,234.79200000000003,0.0,15.042000000000002,0.0,0.0,44.43899999999999,515.611,9.737,,0.0,
AS14.12,2014-04-29,6.0,-0.4,1.0,1.9007432950011172,1531.0020003318784,4.0,0.0,559.6229999999999,395.611,4.008,0.0,0.0,0.0,48.704,1041.559,0.0,,0.0,
AS14.12,2014-04-30,6.25,-0.25,0.6666666666666666,2.927836620720138,1291.330999612808,2.0,0.0,519.2219999999999,253.956,68.61699999999999,0.0,0.0,0.0,36.543,256.443,84.30699999999999,,4.11,
AS14.12,2014-05-01,6.2,-0.2,0.5,2.293680927211759,1320.4230008125305,0.0,2.0,593.8670000000001,694.5550000000001,18.058999999999997,159.03499999999997,181.611,10.05,23.220999999999997,505.86699999999996,126.04600000000002,,5.048,
AS14.12,2014-05-02,5.5,0.0,0.5,3.0129894947566376,1089.671998977661,1.0,0.0,554.3109999999999,301.105,104.47500000000001,48.291000000000004,,12.184999999999999,45.013000000000005,967.4009999999998,126.24900000000001,,4.063,
AS14.13,2014-03-28,7.6,-1.0,1.2,5.033756095767982,1693.1569993495941,0.0,0.0,232.80399999999997,1571.935,15.681999999999999,,,6.141,74.43,739.9240000000001,67.209,0.0,0.0,
AS14.13,2014-03-29,7.2,-1.8,1.0,2.960683023872679,1451.3040010929108,0.0,0.0,87.62200000000001,1199.939,23.716,,,0.0,67.788,430.48400000000004,0.0,0.0,0.0,
AS14.13,2014-03-30,6.2,-0.6,0.8,1.5488412855260674,2259.5559997558594,0.0,0.0,6.052,1797.4180000000003,22.341,,,0.0,48.007000000000005,94.91499999999999,0.0,0.0,0.0,
AS14.13,2014-03-31,7.0,-1.2,0.6,3.5067226890756293,2002.6879982948305,1.0,0.0,92.77100000000003,1365.245,33.019999999999996,,,0.0,74.55,170.51800000000003,0.0,0.0,0.0,
AS14.13,2014-04-01,7.5,-1.5,1.0,5.2649801587301575,1912.8100001811983,3.0,3.0,251.165,1169.146,15.074000000000002,,,0.0,45.111,73.08,0.0,13.518999999999998,0.0,
AS14.13,2014-04-02,7.4,-1.2,1.0,5.19691123053192,4043.979998111725,0.0,0.0,49.792,2834.159000000002,27.426,,,0.0,57.786,212.11200000000002,0.0,0.0,0.0,
AS14.13,2014-04-03,7.6,-0.8,1.4,4.559492178042285,2178.3729996681213,3.0,7.0,187.99399999999997,2084.550999999999,0.0,,,0.0,70.705,35.561,0.0,0.0,0.0,
AS14.13,2014-04-04,7.8,-0.6,1.0,2.7543916317718042,1845.0530018806458,0.0,3.0,117.01400000000001,1384.462,12.111,,,0.0,31.885,209.57299999999998,0.0,0.0,0.0,
AS14.13,2014-04-05,6.8,0.2,0.8,1.8775352661522873,2724.8340005874634,0.0,0.0,5.3740000000000006,2055.814000000001,15.608,,,0.0,78.366,82.548,0.0,0.0,0.0,
AS14.13,2014-04-06,6.25,0.25,0.75,3.8438522784285496,1445.9269988536835,0.0,0.0,56.683,1463.853,12.081999999999999,,,0.0,53.88700000000001,124.05800000000002,89.309,26.483999999999998,0.0,
AS14.13,2014-04-07,7.4,-0.4,1.0,4.620069851485781,1572.1259999275208,1.0,1.0,46.93299999999999,1419.3759999999995,11.204,,,0.0,17.961000000000002,414.2159999999999,0.0,0.0,0.0,
AS14.13,2014-04-08,8.2,0.8,1.4,1.8650327217343714,2825.8200018405914,2.0,0.0,80.08399999999999,2313.5329999999994,6.508,,,0.0,86.889,69.844,0.0,0.0,0.0,
AS14.13,2014-04-09,7.8,-0.2,1.2,2.8539772235981014,3589.4779965877533,4.0,0.0,81.42999999999999,2879.9410000000007,5.202,,,0.0,43.065000000000005,132.552,0.0,0.0,20.55,
AS14.13,2014-04-10,7.6,0.6,1.0,3.7105368561102496,1657.0479989051817,1.0,0.0,37.919999999999995,1225.4749999999997,0.0,,,0.0,71.502,102.72999999999999,0.0,0.0,0.0,
AS14.13,2014-04-11,6.8,0.6,1.2,5.155785391079507,1878.6369993686678,1.0,0.0,97.88500000000002,1137.5960000000002,0.0,,,0.0,42.388000000000005,204.023,0.0,0.0,0.0,
AS14.13,2014-04-12,6.8,0.6,1.0,1.1459903381642513,1747.047999858856,4.0,6.0,95.399,1727.977,0.0,,,5.032,31.746,109.247,0.0,0.0,0.0,
AS14.13,2014-04-13,6.6,0.2,0.8,1.210725435347049,2037.4980006217957,0.0,2.0,27.915,1756.012,0.0,,,0.0,66.99000000000001,156.51100000000002,0.0,0.0,0.0,
AS14.13,2014-04-14,6.8,-0.6,1.0,2.8712039752362335,2040.0209999084473,0.0,0.0,36.573,2027.1290000000001,0.0,,,0.0,69.15500000000002,214.17100000000002,0.0,3.043,0.0,
AS14.13,2014-04-15,6.0,-0.8,0.2,5.549018326051459,2463.6650002002716,2.0,1.0,201.50299999999996,1718.0959999999993,0.0,,,0.0,78.71799999999998,98.26599999999999,0.0,0.0,0.0,
AS14.13,2014-04-16,6.0,-0.25,0.75,5.074242424242424,2648.0909986495967,2.0,0.0,121.554,1992.9920000000004,0.0,,,0.0,48.625,278.166,0.0,0.0,0.0,
AS14.13,2014-04-17,6.4,-1.2,1.0,0.5383436838494823,1035.1620004177094,2.0,1.0,38.12,1152.441,0.0,,,4.171,58.464,110.73899999999999,0.0,0.0,0.0,
AS14.13,2014-04-18,3.5,-1.0,-1.0,0.5909090909090909,456.97300052642834,0.0,0.0,11.332,406.851,0.0,,,0.0,23.626,66.562,0.0,0.0,0.0,
AS14.13,2014-04-19,7.2,-0.6,1.0,3.1310576933579455,2154.614001274109,1.0,0.0,46.49700000000001,1786.7370000000005,3.4879999999999995,,,14.379,83.055,192.804,15.463,0.0,0.0,
AS14.13,2014-04-20,6.6,-1.6,0.6,2.884033613445377,1190.3570005893705,0.0,0.0,17.698999999999998,1066.7169999999999,11.45,,,0.0,70.874,175.827,0.0,0.0,0.0,
AS14.15,2014-03-29,7.0,-1.2,0.8,1.6297619047619052,53.69299983978274,10.0,0.0,39.541999999999994,3.016,0.0,,,0.0,10.032,49.613,0.0,,,
AS14.15,2014-03-30,7.4,-0.8,1.0,1.011507936507937,33.6490004062653,5.0,0.0,47.771,27.159999999999997,0.0,,,0.0,0.0,0.0,0.0,,,
AS14.15,2014-03-31,7.2,0.2,1.0,0.0,0.0,12.0,7.0,0.0,0.0,0.0,,,0.0,0.0,0.0,0.0,,,
AS14.15,2014-04-01,7.2,0.6,1.0,1.0873015873015868,163.55200004577628,1.0,4.0,54.33,143.15900000000002,0.0,,,0.0,0.0,0.0,0.0,,,
AS14.15,2014-04-02,7.2,0.8,1.0,0.7579365079365087,124.2949998378754,7.0,1.0,78.867,129.94299999999998,0.0,,,0.0,8.031,14.121,0.0,,,
AS14.15,2014-04-03,7.2,0.6,1.0,0.0,0.0,2.0,0.0,0.0,0.0,0.0,,,0.0,0.0,0.0,0.0,,,
AS14.15,2014-04-04,7.2,0.6,1.0,1.633802430677431,234.46299982070926,2.0,0.0,60.706,139.628,0.0,,,0.0,0.0,47.184,0.0,,,
AS14.15,2014-04-05,7.8,1.0,1.0,0.5526315789473684,25.41400027275089,4.0,0.0,3.056,0.0,0.0,,,0.0,0.0,0.0,0.0,,,
AS14.15,2014-04-06,6.2,-0.2,0.0,0.0131578947368421,9.95099997520447,5.0,1.0,27.133000000000003,150.861,0.0,,,0.0,0.0,0.0,0.0,,,
AS14.15,2014-04-07,6.8,0.4,0.4,0.427033492822966,142.66799998283386,4.0,1.0,31.18,60.028,0.0,,,0.0,18.198,0.0,0.0,,,
AS14.15,2014-04-08,6.8,0.2,0.6,0.0,0.0,1.0,3.0,0.0,0.0,0.0,,,0.0,0.0,0.0,0.0,,,
AS14.15,2014-04-09,7.0,0.0,1.0,0.0263157894736842,0.0,4.0,0.0,0.0,0.0,0.0,,,0.0,0.0,0.0,0.0,,,
AS14.15,2014-04-10,7.2,0.4,1.0,0.0394736842105263,61.6400001049042,1.0,0.0,9.093,94.759,0.0,,,0.0,0.0,0.0,0.0,,,
AS14.15,2014-04-11,7.0,0.4,0.8,0.0714285714285714,119.212000131607,1.0,0.0,17.214,41.451,0.0,,,0.0,11.077,0.0,0.0,,,
AS14.15,2014-04-12,7.4,1.0,1.0,0.5825892857142856,59.9460000991821,5.0,1.0,41.643,57.32300000000001,0.0,,,0.0,0.0,0.0,0.0,,,
AS14.15,2014-04-13,7.0,2.0,1.0,0.0,0.0,21.0,2.0,0.0,0.0,0.0,,,0.0,0.0,0.0,0.0,,,
AS14.15,2014-04-14,7.0,1.0,1.0,0.5092592592592593,14.43200016021732,1.0,0.0,60.13500000000001,66.509,0.0,,,9.068,6.016,3.013,4.021,,,
AS14.15,2014-04-15,7.0,-0.2,1.0,0.0,0.0,1.0,0.0,0.0,0.0,0.0,,,0.0,0.0,0.0,0.0,,,
AS14.15,2014-04-16,7.0,0.2,1.0,0.9912037037037034,151.14899992942813,0.0,0.0,51.337,158.876,0.0,,,0.0,5.033,0.0,0.0,23.129,,
AS14.15,2014-04-17,6.4,0.0,0.0,0.729166666666666,150.31199979782102,2.0,0.0,84.14000000000001,198.74800000000002,0.0,,,0.0,17.179000000000002,63.36,0.0,,,
AS14.15,2014-04-18,6.0,-0.4,0.0,0.781541218637992,150.12999963760376,0.0,0.0,50.825,69.307,16.116,,,4.008,10.049,0.0,0.0,,,
AS14.17,2014-03-21,7.4,0.8,1.0,4.031386282906977,674.0979995727539,0.0,0.0,120.74199999999996,495.6800000000001,14.096000000000002,,,14.059999999999999,45.162000000000006,347.308,,,,
AS14.17,2014-03-22,7.4,0.4,0.8,4.6264701012956255,1230.4520013332367,0.0,0.0,121.14600000000003,875.3309999999999,15.419,,,0.0,44.653,350.759,64.724,,17.126,
AS14.17,2014-03-23,7.4,0.8,0.8,1.6822248456096904,809.819000005722,0.0,1.0,165.071,513.2340000000002,29.331000000000003,,,0.0,35.186,696.9840000000002,135.242,,0.0,
AS14.17,2014-03-24,7.0,0.6666666666666666,0.6666666666666666,3.8964009807342737,1653.8349997997286,4.0,0.0,195.43299999999996,1096.9029999999993,25.328000000000003,,,0.0,36.194,302.675,259.2439999999999,,6.086,
AS14.17,2014-03-25,7.5,0.5,1.0,1.4885440476037812,646.2949995994568,0.0,0.0,74.93399999999998,446.547,27.14,,,0.0,27.1,363.13700000000006,0.0,,9.866,
AS14.17,2014-03-26,7.2,0.2,0.8,1.6448903290129613,1247.3600010871887,2.0,0.0,288.166,870.313,20.032999999999998,,,0.0,43.175,706.6990000000001,0.0,,29.112000000000002,
AS14.17,2014-03-27,7.2,0.4,0.6,2.1751960288978536,861.4380009174347,0.0,0.0,189.76899999999992,621.1200000000002,36.466,,,0.0,45.211999999999996,870.1839999999999,39.168,,0.0,
AS14.17,2014-03-28,7.2,0.6,1.0,6.024883919669563,1507.754000902176,1.0,0.0,156.932,911.9680000000003,6.025,,,0.0,31.250000000000004,588.273,190.957,,0.0,
AS14.17,2014-03-29,6.8,0.6,0.6,5.022917176431632,1310.8980014324186,8.0,1.0,262.028,679.9150000000003,4.061,,,0.0,45.153999999999996,754.5039999999999,125.194,,0.0,
AS14.17,2014-03-30,8.0,1.0,1.0,0.1333333333333333,291.8069996833802,0.0,0.0,25.019000000000002,150.26799999999997,0.0,,,0.0,32.299,0.0,0.0,,0.0,
AS14.17,2014-03-31,7.25,0.5,1.0,2.351665242368133,769.2270007133484,0.0,0.0,255.1,632.1549999999999,5.072,,,0.0,58.52199999999999,355.746,136.22699999999998,,10.169,
AS14.17,2014-04-01,7.4,0.6,1.0,3.5226334123392955,1364.7080006599429,4.0,2.0,330.55400000000003,828.6480000000001,51.95100000000001,,,7.686,37.259,272.55600000000004,88.271,,9.317,
AS14.17,2014-04-02,7.5,0.25,0.75,2.1642399540084116,1293.0220003128052,1.0,0.0,246.42599999999996,596.5369999999999,44.105000000000004,,,3.434,32.206,350.56999999999994,46.290000000000006,,40.327999999999996,
AS14.17,2014-04-03,7.2,0.2,1.0,2.9808823529411765,1209.4400010108948,1.0,1.0,255.28100000000003,805.9579999999999,32.732,,,0.0,38.18,358.95300000000003,128.398,,0.0,
AS14.17,2014-04-04,7.0,-0.6,0.8,3.836064425770309,751.8160018920898,1.0,1.0,167.861,385.047,1.275,,,2.004,44.382,412.70799999999997,0.0,,0.0,
AS14.17,2014-04-05,7.0,0.2,1.0,4.539355148839198,681.6390011310579,3.0,3.0,132.28699999999998,560.7049999999999,0.0,,,0.0,43.366,71.387,15.843,,0.0,
AS14.17,2014-04-06,7.25,0.25,1.25,0.8853134214670572,340.85799932479864,0.0,1.0,71.157,362.796,8.906,,,0.0,51.352,211.91499999999996,0.0,,0.0,
AS14.17,2014-04-07,7.0,1.0,1.0,0.9799902569723544,513.5020003318788,0.0,0.0,74.84700000000001,431.366,0.0,,,0.0,23.193,74.44000000000001,0.0,,0.0,
AS14.17,2014-04-08,7.0,0.4,1.0,0.6255694839919435,1419.3579995632172,3.0,1.0,336.1109999999999,1115.1659999999997,9.139,,,0.0,48.317,836.5480000000002,187.51799999999997,85.71600000000001,16.049,
AS14.17,2014-04-09,7.0,0.25,1.0,2.6215543642819203,1112.8759999275208,0.0,0.0,220.74099999999993,865.5240000000001,144.704,,,3.025,51.035999999999994,292.32800000000003,156.159,,4.031,
AS14.17,2014-04-10,6.75,1.0,1.0,2.418573204059626,808.8569998741149,0.0,0.0,212.97300000000004,1186.674,20.211,,,0.0,47.447,474.9839999999999,41.142,,0.0,
AS14.17,2014-04-11,7.2,0.4,1.0,4.976967605816774,1352.2980003356931,0.0,0.0,489.87,401.83599999999984,0.0,,,0.0,39.482,561.8029999999998,141.10899999999998,,4.035,
AS14.17,2014-04-12,7.2,0.4,1.0,3.982876845286387,1568.5859997272491,0.0,0.0,482.97600000000017,590.901,9.030999999999999,,,0.0,39.147999999999996,604.9029999999998,0.0,,0.0,
AS14.17,2014-04-13,7.2,-0.2,1.0,1.815936454856059,857.2669999599459,0.0,0.0,347.1999999999999,459.157,23.663999999999998,,,0.0,37.875,497.90099999999995,69.49100000000001,,0.0,
AS14.17,2014-04-14,7.0,0.8,1.0,2.042744125115081,954.8489999771117,1.0,0.0,285.74699999999996,173.11100000000002,0.0,,,0.0,49.449999999999996,319.57,200.31000000000003,,0.0,
AS14.17,2014-04-15,7.0,0.4,1.0,2.4536708330123544,1957.3469989299776,0.0,1.0,189.53400000000005,1509.8779999999995,32.125,,,13.126000000000001,100.836,388.33599999999996,82.572,,0.0,
AS14.17,2014-04-16,7.2,0.8,1.0,2.6729802815618178,1924.0620024204256,2.0,1.0,268.9240000000001,1261.0319999999995,23.65,,,0.0,46.701,403.6159999999999,102.84700000000001,,1.001,
AS14.17,2014-04-17,7.0,0.4,1.0,2.787620996901864,893.9839994907379,0.0,2.0,168.34500000000003,690.232,26.223,,,0.0,43.742999999999995,459.217,0.0,,4.649,
AS14.17,2014-04-18,7.0,1.0,1.0,3.7710903996989713,501.7899997234342,1.0,0.0,22.825,360.963,14.687999999999999,,,0.0,33.187,53.717,0.0,,5.019,
AS14.17,2014-04-19,7.0,1.0,1.0,4.01374403942835,786.2340011596681,0.0,0.0,22.274,565.0509999999999,0.0,,,0.0,43.589000000000006,185.108,0.0,,0.0,
AS14.17,2014-04-20,7.2,0.4,1.0,2.9079662456813793,2003.1370005607603,0.0,0.0,222.78700000000003,1873.1689999999999,7.13,,,0.0,43.058,495.7569999999999,101.99900000000001,,0.0,
AS14.17,2014-04-21,7.4,0.4,1.0,2.1167134877347538,945.9130005836488,1.0,0.0,94.373,890.7229999999996,20.866,,,0.0,39.551,177.071,19.146,,3.01,
AS14.17,2014-04-22,6.6,0.6,1.0,1.2149159663865536,1286.6190004348757,0.0,2.0,184.809,863.7650000000002,19.109,,,0.0,46.482,502.11100000000005,72.052,,0.0,
AS14.17,2014-04-23,7.25,1.0,1.0,1.7240619209853028,1507.2199997901917,1.0,0.0,285.9169999999999,1174.6399999999999,9.978,,,0.0,45.771,519.599,281.121,,0.0,
AS14.17,2014-04-24,7.2,1.0,1.0,2.635626296211738,1549.0970015525818,1.0,0.0,302.6979999999999,844.2690000000001,28.173,,,0.0,40.536,566.338,209.972,,0.0,
AS14.17,2014-04-25,7.2,0.4,1.0,4.684202535194868,1356.7539989948273,4.0,1.0,355.833,802.4759999999999,16.36,,,10.858,44.207,35.163,21.671,,8.035,
AS14.17,2014-04-26,8.0,1.0,1.0,4.484102912294093,1205.2339980602264,0.0,1.0,387.54799999999994,580.337,0.0,,,0.0,33.417,124.62100000000001,0.0,,0.0,
AS14.17,2014-04-27,7.2,1.0,1.0,2.611555779336526,452.9509999752045,0.0,2.0,128.645,386.475,2.1399999999999997,,,0.0,34.075,396.629,27.316,,0.0,
AS14.17,2014-04-28,6.75,0.75,0.3333333333333333,2.337298904745795,1317.2859997749329,0.0,0.0,187.5449999999999,895.0360000000003,15.059000000000001,,,11.214,25.43,397.35900000000004,129.68900000000002,,3.079,
AS14.23,2014-04-16,7.4,0.0,1.0,4.541599292526897,2262.783000946045,2.0,0.0,161.143,1505.6080000000002,0.0,,89.55,15.492999999999999,79.16099999999999,181.897,71.24499999999999,0.0,0.0,
AS14.23,2014-04-17,7.4,1.0,1.4,7.676486549663488,2952.9909994602203,0.0,0.0,99.602,1761.3039999999996,19.753,,138.833,26.2,35.599999999999994,0.0,62.372,94.301,0.0,
AS14.23,2014-04-18,7.6,0.4,1.0,5.340446127946128,1632.0100002288818,2.0,0.0,68.825,1432.548,6.466,,0.0,0.0,51.618,164.892,6.017,35.342999999999996,0.0,
AS14.23,2014-04-19,7.75,0.0,1.0,3.7857142857142856,1079.2129995822909,0.0,0.0,101.51899999999999,844.121,5.035,,133.636,0.0,69.229,0.0,0.0,8.174,16.059,
AS14.23,2014-04-20,7.75,0.5,1.0,7.692016986844573,2716.001000881195,1.0,0.0,196.26299999999998,1534.9679999999996,50.858000000000004,,50.729,0.0,31.341,598.4809999999999,0.0,42.227,7.056,
AS14.23,2014-04-21,7.2,-0.4,1.0,3.70370217305005,3168.9359998703003,0.0,0.0,40.834,2471.771,20.175,,0.0,0.0,32.844,43.309999999999995,0.0,8.454,0.0,
AS14.23,2014-04-22,6.2,0.2,0.4,6.313896906283227,3360.677001714706,3.0,0.0,305.9249999999999,2262.283,15.713000000000001,,0.0,0.0,53.638,34.539,73.26400000000001,3.592,8.265999999999998,
AS14.23,2014-04-23,7.0,0.0,1.0,4.743860275193725,2109.5009996891026,2.0,0.0,270.621,557.713,6.226,,44.251,14.995999999999999,41.510000000000005,0.0,5.013,234.835,0.0,
AS14.23,2014-04-24,7.4,0.0,1.0,6.972919629118822,2016.850001335144,1.0,1.0,70.96000000000001,1180.7460000000003,10.052999999999999,,3.008,10.035,23.618000000000002,286.815,0.0,40.983000000000004,0.0,
AS14.23,2014-04-25,7.8,-0.2,1.2,6.114528131893232,4776.210000753403,1.0,0.0,286.1329999999999,2854.8099999999995,10.03,,0.0,5.083,58.473000000000006,314.376,0.0,60.087,11.041,
AS14.23,2014-04-26,7.5,-0.5,1.0,8.097286047286048,2410.8610010147095,2.0,0.0,148.70000000000002,1734.323999999999,34.042,,1.01,4.013,13.048,40.959,62.559,63.158,0.0,
AS14.23,2014-04-27,7.0,-0.2,1.0,5.877932010656467,2826.4399974346156,2.0,1.0,163.22300000000007,2618.1079999999993,19.614,,0.0,0.0,17.061999999999998,103.58500000000001,54.285,119.85799999999999,10.091,
AS14.23,2014-04-28,7.6,-0.2,1.0,6.319931580104143,2871.22899889946,2.0,2.0,149.665,1960.9719999999995,46.907999999999994,,78.44999999999999,23.788999999999998,35.34,272.318,36.205,37.465,11.099,
AS14.23,2014-04-29,7.4,-0.2,1.2,5.22924297924298,3144.8810002803802,2.0,,78.56099999999999,1777.5140000000001,61.25099999999999,,,0.0,29.235,179.606,0.0,0.111,,
AS14.23,2014-04-30,9.0,-1.0,1.0,7.080849253314232,3270.813999652863,2.0,,122.06600000000003,2520.536000000001,20.117,,,0.0,19.247999999999998,414.1050000000001,0.0,14.065,,
AS14.24,2014-05-04,7.5,-0.5,1.0,2.7954130548194693,1172.5860002040863,0.0,0.0,419.65500000000014,539.621,0.0,,,13.722,41.382,22.098,0.0,0.0,0.0,
AS14.24,2014-05-05,6.0,-0.6666666666666666,0.3333333333333333,2.1713949114690028,451.2530000209808,0.0,0.0,201.96200000000005,351.712,0.0,,,0.0,36.501,167.58200000000002,0.0,0.0,0.0,
AS14.24,2014-05-07,7.0,1.0,0.75,0.32523314840094003,824.0220017433167,0.0,0.0,309.15999999999997,543.5490000000001,0.0,,,0.0,41.604,128.63,0.0,0.0,14.104000000000001,
AS14.24,2014-05-08,7.0,0.3333333333333333,1.0,2.204334432599637,1072.9010007381437,2.0,1.0,269.0930000000001,279.746,21.1,,,0.0,43.482000000000006,94.48700000000002,34.145,0.0,3.03,
AS14.24,2014-05-09,7.4,-1.0,1.0,2.010556365092754,571.6210002899168,2.0,0.0,223.88700000000003,360.86199999999997,0.0,,,2.01,19.234,0.0,0.0,0.0,3.205,
AS14.24,2014-05-11,7.25,-1.0,1.0,1.0878762705609748,754.2629990577699,0.0,2.0,228.78199999999998,360.1879999999999,0.0,,,0.0,48.338,22.641,0.0,13.612,0.0,
AS14.24,2014-05-12,7.0,-0.8,0.6,2.2554689794494576,1460.9660003185272,1.0,0.0,484.88599999999974,736.4039999999999,40.822,,,0.0,54.340999999999994,493.193,0.0,0.0,15.946,
AS14.24,2014-05-13,7.5,-0.25,0.75,1.3026753074111,1072.176999568939,2.0,0.0,366.075,730.973,0.0,,,5.077,48.437,93.593,0.0,0.0,22.11,
AS14.25,2014-04-09,7.4,0.0,0.2,2.4303571428571433,1280.3300004005432,9.0,2.0,479.6589999999998,904.2429999999998,19.218,,219.163,0.0,16.263,185.11899999999997,53.967,,4.123,0.0
AS14.25,2014-04-10,6.5,0.25,0.5,2.2901435574229687,1269.3339998722076,0.0,1.0,386.33799999999974,647.149,7.025,,34.28,1.004,68.851,0.0,0.0,,,21.103
AS14.25,2014-04-11,7.75,-0.25,0.5,2.32948717948718,1063.0169999599455,3.0,7.0,360.9389999999999,713.465,0.0,,40.733,1.025,16.059,111.91799999999999,0.0,,,0.0
AS14.25,2014-04-12,7.0,-0.2,0.6,1.0248199956658546,776.1010003089906,3.0,1.0,164.925,150.336,0.0,,0.0,6.026000000000001,48.681,0.0,0.0,,,0.0
AS14.25,2014-04-13,6.6,-0.4,0.4,0.5405461664654717,560.5330004692076,4.0,0.0,170.889,312.88399999999996,0.0,,9.045,1.013,32.358000000000004,177.779,0.0,,,12.054
AS14.25,2014-04-14,6.4,0.6,0.2,1.3664408297777824,1179.8269996643064,8.0,0.0,327.6719999999999,936.738,0.0,,0.0,0.0,32.255,59.411,0.0,,,7.031
AS14.25,2014-04-15,6.5,-0.25,0.0,1.9379500230178837,1436.2890014648435,2.0,1.0,364.3489999999997,904.3879999999998,0.0,,0.0,0.0,75.239,41.274,5.2989999999999995,,,0.0
AS14.25,2014-04-16,7.2,0.2,0.6,2.5275846148572723,875.9859993457794,6.0,3.0,334.15000000000003,878.6400000000001,0.0,,0.0,10.089,36.491,39.935,22.274,,,5.033
AS14.25,2014-04-17,6.5,0.0,0.0,2.9228274619728567,2703.5070011615753,3.0,0.0,653.6480000000005,1257.2439999999995,0.0,,0.0,13.415,70.404,472.1909999999999,104.815,,,0.0
AS14.25,2014-04-18,6.25,-0.25,0.0,1.7694436890222132,2110.8679988384247,4.0,14.0,527.8139999999996,575.49,0.0,,10.035,0.0,45.34100000000001,130.385,107.70500000000001,,,0.0
AS14.25,2014-04-19,7.5,-0.75,0.0,2.029459960102593,1515.0660009384155,6.0,0.0,317.5739999999999,685.364,0.0,,142.37400000000002,2.012,49.126999999999995,276.983,0.0,,,0.0
AS14.25,2014-04-20,6.8,0.0,0.0,0.663157894736842,2278.5250010490417,3.0,0.0,248.87300000000002,1041.9409999999996,0.0,,62.141,0.0,29.174,148.539,37.179,,,13.036
AS14.25,2014-04-21,7.4,-0.4,0.8,2.174999999999999,1214.9119999408724,6.0,10.0,547.4320000000001,944.692,0.0,,34.155,0.0,52.586999999999996,45.319,86.285,,,0.0
AS14.25,2014-04-22,8.25,0.25,1.0,2.9371379911756517,1432.2799999713898,9.0,0.0,533.0289999999998,799.5500000000002,0.0,,18.07,2.007,66.156,184.045,45.257,,,0.0
AS14.25,2014-04-23,6.5,-0.5,0.0,1.8225206611570253,1332.0179996490479,4.0,4.0,542.6509999999997,1238.683,0.0,,0.0,6.055999999999999,47.525000000000006,276.402,0.0,,,9.127
AS14.25,2014-04-24,6.0,-1.2,0.0,2.058333333333333,1978.412000656128,7.0,0.0,527.0619999999996,1688.3779999999997,0.0,,125.65400000000001,0.0,63.346,35.018,123.29700000000001,,,3.107
AS14.25,2014-04-25,6.25,-0.25,-0.25,1.3249999999999997,1089.2589998245242,2.0,0.0,389.7520000000001,823.1069999999999,0.0,,206.352,2.012,40.517,0.0,0.0,,,41.306
AS14.25,2014-04-26,7.0,0.5,1.0,2.0524279196739093,999.516000032425,6.0,0.0,311.1999999999999,463.81699999999995,0.0,,0.0,0.0,44.598,0.0,0.0,,,0.0
AS14.25,2014-04-27,7.4,0.0,0.8,0.28854453627180904,801.318999052048,1.0,0.0,230.65900000000002,347.28800000000007,0.0,,245.61199999999997,10.158999999999999,52.379,0.0,0.0,50.439,,0.0
AS14.25,2014-04-28,7.2,0.0,0.4,2.9116246498599447,2230.924998760224,12.0,4.0,695.279,1315.6879999999994,0.0,,0.0,2.007,45.981,4.081,45.408,0.0,,28.181
AS14.25,2014-04-29,6.0,-1.2,-0.6,1.9911157024793378,1857.4360001087189,10.0,10.0,441.05899999999986,1136.309,0.0,,0.0,0.0,102.92999999999999,5.043,14.916,0.0,,17.795
AS14.25,2014-04-30,6.2,0.8,-0.4,2.4961788488980496,1671.5610003471375,5.0,2.0,489.049,1286.7730000000001,4.013,,0.0,0.0,85.46799999999999,0.0,76.799,0.0,,5.067
AS14.25,2014-05-01,7.0,-1.0,0.4,2.090944973030535,2439.810998916626,20.0,0.0,624.5399999999998,1238.105,0.0,,0.0,17.101999999999997,66.531,120.227,146.789,0.0,,15.079
AS14.25,2014-05-02,6.5,-0.75,0.0,3.3026315789473686,1775.2040004730222,11.0,2.0,389.929,1089.8349999999996,0.0,,171.17000000000002,0.0,41.279,0.0,74.994,0.0,,0.0
AS14.25,2014-05-03,6.4,-0.25,0.0,1.4222222222222212,533.8759996891023,3.0,0.0,220.96699999999998,309.01099999999997,0.0,,78.087,0.0,34.164,30.171999999999997,0.0,0.0,,0.0
AS14.25,2014-05-04,7.2,1.0,0.6,2.490468952851398,1801.6689982414246,3.0,1.0,479.04200000000003,749.7289999999998,8.017,,0.0,0.0,47.406,0.0,398.15700000000004,0.0,,0.0
AS14.25,2014-05-05,6.666666666666667,-1.0,0.0,1.720435061076772,1732.023999452591,9.0,0.0,343.2719999999999,915.6549999999997,0.0,,0.0,10.065999999999999,19.17,25.169,0.0,0.0,,16.079
AS14.25,2014-05-07,6.8,-0.4,0.0,1.6827419967702109,1050.1000006198883,,1.0,333.8419999999999,742.8029999999999,4.026,,137.023,7.066,47.145,0.0,0.0,,,6.024
AS14.29,2014-04-02,8.5,0.25,1.5,1.9965571782676188,626.6859993934634,0.0,2.0,17.215,342.62399999999997,7.023,,,133.51200000000003,22.488,276.752,,,14.126000000000001,
AS14.29,2014-04-03,7.25,-1.0,0.25,3.3964441576003455,1150.7039997577665,0.0,0.0,56.77500000000001,925.4100000000003,0.0,,,160.32699999999997,0.0,166.591,5.055,,0.0,
AS14.29,2014-04-04,8.0,-1.25,0.75,0.3630310128934234,601.2199993133544,1.0,0.0,13.521999999999998,310.63300000000004,23.123,,,94.052,50.324,325.86699999999996,72.881,,0.0,
AS14.29,2014-04-05,8.2,0.8,0.8,3.5971715990000845,2174.0780005455017,0.0,2.0,61.765,991.4269999999997,0.0,,,388.43299999999994,36.242,646.4499999999999,40.512,,0.0,
AS14.29,2014-04-06,7.75,0.0,0.8,1.7195301759246304,810.7209994792938,0.0,6.0,21.2,452.501,0.0,,,224.04,48.187,833.7349999999998,0.0,,15.058,
AS14.29,2014-04-07,7.2,-0.6,0.2,3.51736694677871,2494.0679998397827,0.0,0.0,41.388000000000005,795.2420000000001,0.0,,,388.846,58.236,2034.9730000000004,0.0,,0.0,
AS14.29,2014-04-08,7.8,-0.8,1.0,3.301609523354869,2365.675000667572,0.0,4.0,125.137,1320.4049999999997,27.098,,,473.6110000000001,43.198,1444.229,89.01,,0.0,
AS14.29,2014-04-09,7.6,0.4,0.4,1.5732861400894191,794.5480005741119,0.0,0.0,24.334,516.055,0.0,,,178.38500000000002,42.504999999999995,321.798,0.0,,2.0149999999999997,
AS14.29,2014-04-10,8.6,0.4,1.4,3.017588356492186,1348.4179980754852,1.0,3.0,67.727,592.943,0.0,,,294.34,55.28699999999999,807.289,0.0,,0.0,
AS14.29,2014-04-11,7.2,0.2,0.6,0.4554776339519667,1000.6330008506775,0.0,0.0,26.098999999999997,460.46799999999996,29.272,,,178.4,36.215999999999994,1011.1970000000001,0.0,,4.041,
AS14.29,2014-04-12,8.25,1.0,0.75,2.7712789794142902,788.2719995975496,0.0,1.0,41.527,462.8069999999998,3.008,,,183.65099999999998,66.49300000000001,47.391999999999996,28.107,,0.0,
AS14.29,2014-04-13,8.2,0.0,0.6,1.7998588292565771,1342.8619980812073,0.0,0.0,36.023,934.1080000000001,0.0,,,282.75600000000003,64.56700000000001,512.0280000000001,125.55799999999999,,0.0,
AS14.29,2014-04-14,8.0,-0.8,1.0,3.387792503801653,1366.591000556946,0.0,0.0,46.169000000000004,754.1019999999999,12.036,,,289.306,39.779,906.671,0.0,,0.0,
AS14.29,2014-04-15,8.25,-0.5,1.0,3.355513849694512,2138.9739968776703,0.0,1.0,18.172,1174.8559999999998,11.033,,,375.57500000000005,57.318999999999996,1184.289,0.0,,0.0,
AS14.29,2014-04-16,7.8,0.0,1.0,0.7653496459251136,1849.3869991302488,1.0,5.0,69.89800000000002,871.9490000000002,16.332,1.004,,316.9059999999999,21.137999999999998,1574.3520000000003,77.25699999999999,,0.0,
AS14.29,2014-04-17,7.6,0.8,0.8,2.40726151077491,1915.433000802994,2.0,4.0,55.048000000000016,1226.8490000000002,0.0,0.0,,403.8950000000001,41.187,933.2429999999995,20.14,,3.018,
AS14.29,2014-04-18,8.0,-0.25,0.25,3.5599539200400403,1428.6609997749329,1.0,1.0,118.88400000000001,560.9870000000001,0.0,0.0,,295.0370000000001,39.378,827.0160000000003,0.0,,4.031,
AS14.29,2014-04-19,7.0,-0.6,0.2,1.6999999999999984,860.7589995861052,1.0,3.0,58.129,693.2619999999997,0.0,0.0,,227.76900000000003,34.144,1060.45,30.28,,0.0,
AS14.29,2014-04-20,7.5,-0.5,0.75,0.20201149425287362,342.8150002956388,0.0,0.0,35.089,144.79799999999997,0.0,0.0,,111.65300000000002,20.101,513.21,0.0,,0.0,
AS14.29,2014-04-21,7.2,0.0,0.4,2.658333333333333,383.75699973106373,0.0,0.0,22.957,497.86600000000004,0.0,0.0,,142.932,42.314,268.18699999999995,0.0,,0.0,
AS14.29,2014-04-22,6.4,-0.2,0.0,3.995184558889636,2392.448999404907,3.0,11.0,119.06300000000002,1617.5,0.0,0.0,,450.20199999999994,47.538000000000004,1380.2529999999997,260.814,,8.087,
AS14.29,2014-04-23,7.6,0.6,0.6,2.2754717416356276,1523.9170014858244,4.0,1.0,128.275,981.5420000000001,0.0,0.0,,421.5969999999997,38.202,632.0209999999998,144.69400000000002,,0.0,
AS14.29,2014-04-24,7.8,0.2,1.0,4.478715631857907,2253.3520019054413,0.0,3.0,106.29599999999998,1298.3330000000003,0.0,0.0,,557.657,48.217000000000006,816.1399999999999,94.39200000000001,,0.0,
AS14.29,2014-04-25,7.5,0.0,0.75,2.80683657660214,1223.1540007591245,0.0,1.0,19.103,574.877,0.0,0.0,,194.41700000000003,46.355,129.404,55.954,,3.0600000000000005,
AS14.29,2014-04-26,6.0,0.0,0.0,6.464042224299095,2134.1520030498505,2.0,4.0,92.162,1358.6189999999995,0.0,0.0,,348.69500000000005,24.114,805.8870000000001,47.182,,0.0,
AS14.29,2014-04-27,6.5,-0.75,0.0,1.077494358271751,815.4560003280639,0.0,0.0,84.58600000000001,456.36400000000003,16.107,0.0,,201.307,35.148,419.80600000000004,0.0,,0.0,
AS14.29,2014-04-28,7.0,-0.4,0.4,1.8910117699460676,1156.5470006465914,0.0,0.0,94.798,799.1320000000002,14.540000000000001,0.0,,250.44900000000007,34.17,178.63899999999995,69.632,,0.0,
AS14.29,2014-04-29,7.6,0.4,0.8,5.00456132080075,2499.521996974945,0.0,1.0,172.83799999999997,1409.2769999999996,46.195,0.0,,432.25699999999983,48.324999999999996,1054.462,35.59,,0.0,
AS14.29,2014-04-30,7.8,-0.4,0.2,2.189158419685718,972.4049994945527,1.0,2.0,92.09500000000001,698.142,3.025,0.0,,260.76099999999985,36.142,341.62299999999993,50.56,,0.0,
AS14.29,2014-05-01,7.6,0.0,0.4,3.1640230491987222,1606.3899986743927,0.0,0.0,90.474,1240.859,0.0,0.0,,222.371,35.15,502.54400000000004,0.0,,0.0,
AS14.29,2014-05-03,8.0,1.0,1.0,6.99715481948748,889.8380005359649,0.0,2.0,56.711,36.364999999999995,4.036,0.0,,106.08500000000002,14.052,120.358,0.0,,0.0,
AS14.29,2014-05-04,8.0,-1.0,1.0,8.205612971261393,931.3659999370573,1.0,7.0,32.556,332.0460000000001,0.0,0.0,,200.023,27.162,144.35899999999998,0.0,,0.0,
AS14.29,2014-05-05,7.333333333333333,-0.3333333333333333,0.6666666666666666,5.134588111101922,1580.859999895096,9.0,17.0,190.73799999999997,784.093,0.0,0.0,,258.79499999999996,15.044,95.281,151.332,,0.0,
AS14.29,2014-05-07,7.8,-0.2,0.8,0.8272448407156762,612.6000003814698,0.0,0.0,8.045,231.791,0.0,0.0,,81.973,43.242000000000004,323.729,0.0,,0.0,
AS14.29,2014-05-08,7.8,0.4,1.0,2.8246392521923327,1402.8790020942686,1.0,2.0,116.20700000000004,1015.9729999999996,13.125,0.0,,286.5020000000002,33.964999999999996,1465.7569999999996,0.0,,0.0,
AS14.29,2014-05-09,7.4,-0.4,0.6,1.3984778250328964,621.3550007343291,1.0,0.0,38.449999999999996,579.766,3.024,30.095,,186.21699999999998,33.483,483.587,0.0,,0.0,
AS14.29,2014-05-10,7.0,-0.2,0.4,2.9361459966386385,2102.2799997329716,1.0,1.0,83.47299999999997,911.1909999999999,0.0,,,327.06600000000014,76.69200000000001,1284.439999999999,0.0,,3.0940000000000003,
AS14.29,2014-05-11,7.0,-0.8,0.4,0.3642028542920709,728.3699998855591,0.0,0.0,67.76400000000001,406.65699999999987,0.0,,,214.32100000000003,62.325,1160.6279999999995,0.0,,0.0,
AS14.29,2014-05-12,7.6,-0.2,0.8,3.438891987648675,2328.525000095367,0.0,6.0,161.06199999999995,1648.4390000000012,27.154,,,498.4369999999999,44.259,1593.075,21.286,,0.0,
AS14.30,2014-03-24,7.8,-0.2,1.0,2.0170322832689553,828.2379994392395,0.0,0.0,372.052,913.2030000000004,8.193,72.39200000000001,,3.018,36.541,457.938,,15.109,66.39399999999999,15.07
AS14.30,2014-03-25,8.0,-0.2,1.0,2.1463485394157664,1892.958001613617,2.0,0.0,355.754,1213.7100000000003,10.029,25.429,,0.0,23.016,466.08199999999994,,29.197,37.20399999999999,0.0
AS14.30,2014-03-26,6.8,0.2,0.6,3.0138189376907185,1684.5240006446836,15.0,0.0,467.58599999999996,1324.5290000000002,22.636,0.0,,0.0,33.397,426.90900000000005,,0.0,58.24100000000001,6.087
AS14.30,2014-03-27,7.75,-0.75,1.0,2.4019994071036606,1612.0970003604887,2.0,0.0,406.5580000000001,1265.3129999999996,18.235,13.057,,0.0,79.523,450.9149999999999,,0.0,99.94500000000001,0.0
AS14.30,2014-03-28,7.8,0.0,1.0,4.222921890611353,1988.8480017185211,2.0,0.0,377.67199999999997,1510.1850000000009,14.161,13.088,,0.0,67.91199999999999,442.163,26.598999999999997,0.0,67.45100000000001,0.0
AS14.30,2014-03-29,8.4,-1.4,1.0,1.855341235651731,811.8870005607605,2.0,0.0,233.73,836.1360000000001,4.021,0.0,,0.0,43.22,207.483,0.0,0.0,62.824999999999996,0.0
AS14.30,2014-03-30,7.6,-1.2,1.0,1.8024014577424543,1263.2830007076266,6.0,0.0,309.72499999999997,514.6560000000001,15.675999999999998,0.0,,0.0,64.50500000000001,206.921,53.147,39.285000000000004,23.181,1.007
AS14.30,2014-03-31,7.6,-0.8,1.0,3.517792628314821,1738.9809997081757,0.0,0.0,388.4339999999997,1597.2759999999998,23.015,0.0,,0.0,31.571,404.144,51.068,123.417,41.769999999999996,0.0
AS14.30,2014-04-01,7.8,-1.2,1.2,2.3572512162759844,1933.4319999217985,6.0,2.0,288.253,1010.9239999999998,8.146999999999998,16.09,,0.0,59.39799999999999,246.55599999999998,28.275,0.0,29.526,0.0
AS14.30,2014-04-02,7.6,-0.6,0.6,2.1286771744696007,1333.0309982299805,0.0,0.0,322.20999999999987,826.16,6.013999999999999,13.048,,0.0,80.529,182.489,0.0,11.094000000000001,13.581,0.0
AS14.30,2014-04-03,8.0,0.2,1.0,2.0027662243571718,1388.5130007266998,1.0,0.0,379.2209999999998,683.4569999999998,40.166000000000004,0.0,,3.015,88.08200000000001,173.40900000000002,2.01,13.061,34.161,0.0
AS14.30,2014-04-04,7.8,-1.2,1.0,2.280645017401029,1605.512000083923,3.0,0.0,453.61899999999974,1341.6149999999998,20.112000000000002,36.137,,0.0,21.166,290.44599999999997,0.0,2.011,122.036,0.0
AS14.30,2014-04-05,8.0,-0.8,1.0,0.9456907127959762,701.2229995727539,2.0,0.0,223.09199999999993,451.75000000000006,24.641,21.149,,0.0,36.831,175.054,0.0,4.014,51.39699999999999,0.0
AS14.30,2014-04-06,8.0,-1.2,1.0,1.0014198467343525,1235.8720004558563,0.0,0.0,146.089,267.462,3.009,0.0,35.068,0.0,52.071,214.43399999999997,0.0,4.37,2.013,4.117
AS14.30,2014-04-07,7.6,0.0,1.0,1.8292823205981095,2380.9250001907344,0.0,0.0,173.27299999999997,1116.8049999999998,17.298,0.0,0.0,0.0,62.347,176.679,35.236000000000004,0.0,32.176,14.056999999999999
AS14.30,2014-04-08,7.8,-0.6,1.0,2.544360733430014,3087.7809989452367,0.0,0.0,175.10899999999995,1086.203,4.063,34.217999999999996,0.0,0.0,86.797,216.15500000000003,3.011,2.016,41.228,0.0
AS14.30,2014-04-09,7.75,-0.5,1.0,2.735906245238542,1412.9859993457794,3.0,5.0,268.231,999.5399999999997,26.125999999999998,0.0,12.206,4.011,41.255,107.801,0.0,18.276,29.163,0.0
AS14.30,2014-04-10,8.2,-1.0,1.0,2.1368518744989333,1247.3330011367798,0.0,2.0,337.3519999999998,1157.8869999999995,13.067,20.066000000000003,78.852,0.0,53.733000000000004,399.531,12.082,0.0,38.221000000000004,0.0
AS14.30,2014-04-11,7.666666666666667,-0.6666666666666666,0.6666666666666666,2.494916839681597,1565.760999917984,4.0,0.0,470.83099999999996,1026.5880000000002,22.098,30.910999999999998,36.675,0.0,71.42699999999999,714.828,0.0,0.0,91.21500000000002,8.032
AS14.30,2014-04-12,7.8,-1.0,1.2,0.6133414489008874,410.41800022125256,0.0,0.0,140.774,169.732,0.0,0.0,0.0,0.0,54.38399999999999,284.45799999999997,0.0,0.0,8.044999999999998,0.0
AS14.30,2014-04-13,7.2,-1.6,1.0,1.2621254950997156,765.9489996433256,1.0,0.0,281.6920000000001,358.286,7.021,24.107,0.0,0.0,34.35,111.11000000000001,0.0,0.0,44.408,0.0
AS14.30,2014-04-14,7.75,-0.25,1.0,2.562305146536646,1485.888000011444,0.0,0.0,348.6589999999998,1452.9869999999999,4.022,0.0,26.461,0.0,72.552,534.4190000000001,0.0,0.0,55.80000000000001,0.0
AS14.30,2014-04-15,7.6,-1.4,1.0,2.079564384741262,2195.4609990119934,4.0,0.0,260.7969999999999,762.3369999999999,3.009,0.0,69.302,0.0,34.745000000000005,554.429,0.0,0.0,59.119,0.0
AS14.30,2014-04-16,8.4,-0.4,1.4,2.3022448991976443,1872.5460000038147,2.0,0.0,178.41199999999998,1117.3240000000005,27.21,12.911999999999999,228.755,0.0,38.211,391.539,0.0,235.39300000000003,27.162999999999997,0.0
AS14.30,2014-04-17,7.6,-0.8,1.0,2.7413039446167917,1933.968000650406,0.0,0.0,248.502,1157.271,32.515,68.34299999999999,0.0,0.0,25.376,311.53499999999997,0.0,0.0,45.539,0.0
AS14.30,2014-04-18,7.4,-1.2,1.0,0.5358660950420304,962.8110001087186,0.0,0.0,194.14000000000004,671.9200000000002,3.009,17.085,0.0,0.0,26.247,547.097,0.0,0.0,14.052,0.0
AS14.30,2014-04-19,7.8,-1.2,1.0,1.2980949654862695,412.139999628067,1.0,0.0,207.63499999999993,346.37499999999994,11.225999999999999,11.042,115.584,0.0,38.284,310.117,0.0,107.63799999999999,44.178,3.008
AS14.30,2014-04-20,7.75,-1.25,1.0,1.0913892761391042,477.8820002079008,0.0,0.0,219.18200000000002,407.426,30.771000000000004,0.0,60.279,0.0,41.815000000000005,535.871,0.0,0.0,87.28299999999999,0.0
AS14.30,2014-04-21,7.8,-1.6,1.0,1.555876521900828,547.8949997425079,0.0,0.0,271.15899999999993,375.5439999999999,48.502,12.13,4.021,0.0,43.202999999999996,443.88999999999993,0.0,0.0,52.253,0.0
AS14.30,2014-04-22,8.0,-0.8,1.2,2.378147720580946,792.7600004673005,2.0,3.0,237.783,419.02900000000005,9.047,30.122000000000003,0.0,0.0,43.867,162.29999999999998,0.0,0.0,96.384,0.0
AS14.30,2014-04-23,7.6,-1.4,1.0,1.1235062335062334,1535.0900008678436,0.0,0.0,259.788,1007.5469999999996,0.0,66.387,94.599,0.0,49.351,320.2819999999999,0.0,0.0,37.22,0.0
AS14.30,2014-04-24,8.2,-1.2,1.2,1.7445691909543957,1566.1850013732912,0.0,0.0,224.892,1055.811,12.620999999999999,34.087,9.124,0.0,49.524,152.536,0.0,0.0,9.09,0.0
AS14.30,2014-04-25,7.5,-1.0,1.0,2.258221920541767,1243.650001525879,0.0,0.0,306.16900000000004,818.662,0.0,0.0,0.0,0.0,78.81400000000001,499.79499999999996,0.0,19.064999999999998,77.39999999999999,0.0
AS14.30,2014-04-26,7.8,-1.2,1.0,4.486349206349207,913.8919994831086,2.0,0.0,153.26100000000002,373.828,28.159000000000002,0.0,0.0,0.0,32.518,318.159,0.0,43.351,0.0,7.026
AS14.30,2014-04-27,7.8,-1.0,1.0,1.2608118646519644,121.2640001773834,1.0,0.0,90.251,243.44500000000002,0.0,0.0,0.0,0.0,51.483,258.509,0.0,0.0,19.108,23.033
AS14.30,2014-04-28,8.0,-1.0,1.0,2.8514635753128674,980.3109998703003,2.0,2.0,200.62500000000003,623.278,30.115,42.15,0.0,5.184,36.249,279.704,0.0,7.083,18.083000000000002,
AS14.30,2014-04-29,8.0,-1.0,1.0,2.564948114408028,305.6539998054505,0.0,1.0,167.80099999999996,643.1399999999999,21.150000000000002,21.096,0.0,0.0,25.193,293.144,3.009,19.063000000000002,64.39000000000001,
AS14.30,2014-04-30,7.8,-1.2,1.0,2.738419844626938,1655.6630017757418,6.0,,285.5089999999999,995.036,23.016000000000002,0.0,0.0,5.021,56.10799999999999,439.3020000000001,0.0,72.648,51.71099999999999,
AS14.31,2014-04-05,7.4,0.8,0.6,5.836856609541774,234.47900032997129,5.0,0.0,232.63599999999997,195.22899999999996,74.67599999999999,2.034,,1.011,45.220000000000006,0.0,51.254000000000005,,3.007,
AS14.31,2014-04-06,6.6,0.0,0.2,3.5167402839828656,235.47600007057193,1.0,1.0,137.95199999999997,351.836,41.239000000000004,3.01,,0.0,6.023,17.041,0.0,,5.078,
AS14.31,2014-04-07,6.6,0.2,0.2,3.527290341111801,179.49600005149838,1.0,2.0,142.81300000000005,147.065,18.886,0.0,,0.0,11.035,60.230000000000004,0.0,,0.0,
AS14.31,2014-04-08,7.0,0.6,0.6,3.148124201234285,968.8749990463256,1.0,0.0,265.5359999999999,382.9309999999999,81.40700000000001,0.0,,2.401,94.07900000000001,125.49399999999999,0.0,,14.572000000000001,
AS14.31,2014-04-09,7.0,0.2,0.6,5.052188697318009,1553.8859996795652,1.0,0.0,309.6829999999999,779.5000000000002,84.694,0.0,,3.006,53.059,92.188,0.0,,6.04,
AS14.31,2014-04-10,7.2,0.4,0.6,4.63072815829934,1444.317999601364,2.0,3.0,273.77700000000004,614.4889999999999,93.47000000000003,0.0,,9.202,45.36,123.952,0.0,,30.206000000000003,
AS14.31,2014-04-11,7.8,0.6,1.2,6.53872180156928,2292.048999547959,10.0,2.0,575.5809999999997,1299.532,58.476,29.097,,6.056,68.505,112.97599999999998,0.0,,6.124,
AS14.31,2014-04-12,7.0,0.6,0.8,4.6414123779446355,223.68900012969976,5.0,0.0,144.684,361.865,0.0,0.0,,8.028,9.031,21.097,0.0,,0.0,
AS14.31,2014-04-13,6.8,-0.6,1.0,7.864665628535566,512.0430004596707,5.0,1.0,212.11,269.725,189.90099999999995,0.0,,1.009,41.065,30.151,0.0,,0.0,
AS14.31,2014-04-14,6.2,-0.8,0.0,2.6848703212496323,757.6919994354248,0.0,2.0,223.798,565.3139999999999,30.566,6.018,,2.299,73.539,103.788,0.0,,0.0,
AS14.31,2014-04-15,7.0,0.0,0.75,3.90490845803598,353.039999485016,1.0,0.0,90.03400000000003,392.639,29.955,0.0,,0.0,16.063000000000002,0.0,0.0,,24.894,
AS14.31,2014-04-16,6.75,0.0,0.5,3.608568790953044,1081.101000070572,3.0,0.0,272.9820000000001,691.362,36.193000000000005,12.587000000000002,,14.167000000000002,91.76500000000001,44.205,0.0,,3.118,
AS14.31,2014-04-17,7.0,0.6,1.0,4.218991494339529,1731.0149986743927,1.0,0.0,371.96599999999984,976.209,90.483,0.0,,4.01,71.537,77.111,0.0,,22.215,
AS14.31,2014-04-18,6.8,0.2,0.8,2.0138888888888884,986.995999574661,4.0,0.0,155.12199999999999,577.762,90.663,0.0,,0.0,56.89900000000001,143.775,0.0,,8.041,
AS14.31,2014-04-19,7.8,0.8,1.2,10.641086062299555,1344.6970000267029,4.0,0.0,315.72099999999995,725.4829999999997,7.028,0.0,,0.0,22.173000000000002,8.028,0.0,,13.038,
AS14.31,2014-04-20,8.0,1.2,1.6,9.663506397253862,2274.4050006866455,0.0,0.0,407.9230000000001,1363.6139999999996,0.0,0.0,,13.839,54.423,146.04500000000002,44.53,,8.944,
AS14.31,2014-04-21,6.4,0.2,0.4,2.950615454364366,939.2920005321502,1.0,2.0,370.9569999999999,403.65999999999997,125.32100000000001,0.0,,0.0,86.15500000000002,98.47000000000001,0.0,,38.723,
AS14.31,2014-04-22,7.0,0.0,1.0,3.2903876074204046,989.3839983940127,0.0,4.0,290.39300000000003,440.8189999999999,149.695,0.0,,0.0,71.57900000000001,159.009,0.0,,15.045,
AS14.31,2014-04-23,7.0,0.8,1.0,3.3916666666666675,1777.4750003814697,1.0,0.0,375.87899999999996,1047.4730000000004,36.759,41.515,,32.675000000000004,65.879,37.094,0.0,,13.103,
AS14.31,2014-04-24,6.5,0.25,0.75,3.4,1256.5870010852811,1.0,0.0,264.92100000000005,580.5679999999999,83.31199999999998,0.0,,4.008,43.305,20.057,52.15899999999999,,11.048,
AS14.31,2014-04-25,7.0,1.0,1.0,5.47231182795699,2641.926999092102,11.0,0.0,530.669,1087.413,95.866,0.0,,0.0,43.169000000000004,68.251,26.148,,11.022,
AS14.31,2014-04-26,7.0,0.3333333333333333,1.0,11.53552351975273,3000.3470008373265,16.0,2.0,930.5029999999997,1648.255,0.0,0.0,,4.0169999999999995,42.75,105.042,183.12599999999998,5.064,19.032,
AS14.31,2014-04-27,7.4,1.0,1.2,2.1166666666666667,904.6579992771149,2.0,0.0,296.1990000000001,741.2629999999999,64.6,0.0,,0.0,83.70799999999998,40.384,0.0,,24.122,
AS14.31,2014-04-28,6.8,0.8,0.8,2.916666666666666,1786.5579993724823,1.0,1.0,385.41499999999996,673.569,91.806,0.0,,25.233999999999998,116.835,25.435,0.0,,10.259,
AS14.31,2014-04-29,7.0,0.3333333333333333,1.0,2.781267217630855,1756.8130002021787,2.0,4.0,496.89700000000005,1035.7110000000005,51.163,44.797000000000004,,10.031,62.42999999999999,194.576,0.0,,9.999,
AS14.31,2014-04-30,7.0,0.4,0.8,3.295114942528734,1359.5499997138975,1.0,0.0,437.42499999999995,482.793,55.91199999999999,0.0,,21.07,52.577,136.04,0.0,,25.611,
AS14.31,2014-05-01,7.0,0.8,1.0,1.0733657705640467,807.369000673294,0.0,3.0,252.1469999999999,377.32699999999994,40.446999999999996,11.048,,2.08,44.523999999999994,15.63,0.0,,9.031,
AS14.31,2014-05-02,7.0,1.0,1.0,4.995882373394352,1378.931000471115,1.0,1.0,435.5200000000001,656.9119999999998,91.582,,,6.461,30.283,223.35299999999998,90.475,,23.847,
AS14.33,2014-05-28,8.2,0.0,1.2,2.479228071672377,1797.4219980239866,10.0,1.0,654.319,525.0200000000001,35.241,,,7.0249999999999995,77.46300000000001,1066.48,0.0,0.0,30.665999999999997,
