ID,time,mood,circumplex.arousal,circumplex.valence,activity,screen,call,sms,appCat.builtin,appCat.communication,appCat.other,appCat.professional,appCat.recreation,appCat.convenience
AS14.01,2014-03-21,6.2,0.2,0.2,3.0831523917559385,1423.2499997615812,6.0,0.0,637.4630000000001,1473.5629999999996,50.465,55.023,1492.323,262.677
AS14.01,2014-03-22,6.4,0.6,0.5,3.79008350783933,1715.8189992904663,3.0,1.0,324.32900000000006,948.0269999999998,60.565000000000005,21.076,235.522,37.305
AS14.01,2014-03-23,6.8,0.2,0.8,2.141116737075955,1227.2550015449524,0.0,0.0,331.7729999999999,935.6040000000002,40.604,20.201999999999998,430.457,0.0
AS14.01,2014-03-24,6.0,0.8,0.0,1.8950653467743512,2790.2540016174316,10.0,0.0,573.0870000000001,2436.2450000000013,66.55799999999999,37.116,955.2219999999999,45.068999999999996
AS14.01,2014-03-25,6.75,0.5,0.5,2.360978697372162,1697.3759989738464,0.0,1.0,283.73699999999997,1726.9819999999995,111.226,22.073999999999998,540.9290000000001,41.807
AS14.01,2014-03-26,6.6,-0.2,0.6,2.4313997200818225,2855.8500006198883,0.0,0.0,366.26000000000005,2291.18,56.525,52.331,463.23199999999986,0.0
AS14.01,2014-03-27,7.0,0.2,0.8,3.509234101320145,2084.524999856949,2.0,1.0,517.677,2103.449,37.461,33.346,307.204,125.869
AS14.01,2014-03-28,6.4,-0.6,0.6,2.2967525192908838,1246.6359992027285,5.0,0.0,387.73400000000015,458.852,23.169,46.863,477.539,261.272
AS14.01,2014-03-29,8.0,0.2,1.0,1.6368674424448715,825.9260001182554,4.0,1.0,291.442,700.7909999999999,55.489,0.0,126.182,140.47899999999998
AS14.01,2014-03-30,7.5,-0.5,0.75,0.6873015873015881,295.07800054550177,0.0,0.0,191.516,249.71999999999994,61.695,0.0,38.281,0.0
AS14.01,2014-03-31,7.4,0.0,0.6,1.6921315412013493,1647.740999937057,6.0,0.0,572.5540000000002,1461.0000000000002,75.95599999999999,41.255,713.1990000000001,269.884
AS14.01,2014-04-01,6.0,0.2,0.0,2.8426378251056637,2592.179000377655,1.0,0.0,653.4899999999996,2236.064,49.382000000000005,187.63899999999998,2159.9610000000002,297.152
AS14.03,2014-04-10,7.4,0.4,1.0,2.593593578764668,1256.9730012416842,0.0,2.0,7.144,986.0310000000001,51.844,5.217,143.413,0.0
AS14.03,2014-04-11,7.6,0.2,1.0,2.8845139985223724,964.1069993972774,0.0,0.0,26.6,819.9939999999996,80.44,26.309,145.681,4.513
AS14.03,2014-04-12,7.666666666666667,0.3333333333333333,1.0,3.0488962145108283,355.61199951171875,6.0,0.0,34.767,90.499,68.83699999999999,0.0,57.671,9.33
AS14.03,2014-04-13,7.4,0.2,1.0,1.8753010119888427,791.3079991340637,1.0,1.0,24.662,457.5449999999999,30.384,33.391999999999996,177.33100000000005,0.0
AS14.03,2014-04-14,7.0,0.0,0.8,2.229510377227371,812.5700004100798,0.0,1.0,85.444,474.52699999999993,33.618,0.0,209.5,17.303
AS14.03,2014-04-15,7.6,0.2,0.8,2.8693199645133904,1740.628998041153,6.0,0.0,107.898,984.6749999999998,55.037000000000006,6.025,127.60799999999998,0.0
AS14.03,2014-04-16,8.0,0.8,1.0,2.7544360611587306,1219.6689999103546,2.0,0.0,73.12599999999999,525.081,118.393,18.113,193.71899999999997,7.662
AS14.03,2014-04-17,7.25,0.25,0.75,3.3806219124567916,1669.3419995307922,4.0,2.0,96.44800000000001,1372.6760000000002,75.961,0.0,182.641,7.145
AS14.03,2014-04-18,7.5,0.0,1.0,1.773025989585819,1058.7539994716647,6.0,0.0,71.44900000000001,285.19100000000003,65.549,6.917999999999999,88.361,7.954
AS14.03,2014-04-19,7.8,0.6,0.8,4.997514650145649,583.6770000457763,4.0,1.0,44.48100000000001,280.18,36.405,0.0,66.705,19.108
AS14.03,2014-04-20,7.5,0.25,1.0,3.5244632933747253,1048.1069993972778,3.0,2.0,82.90299999999999,502.4419999999999,36.192,0.0,289.2400000000001,26.617
AS14.03,2014-04-21,7.4,0.2,1.0,0.5002993207385155,131.4640007019043,3.0,0.0,16.541,30.991,38.185,0.0,109.49799999999998,15.714
AS14.03,2014-04-22,7.6,0.4,0.8,2.228534747059754,1000.4740004539491,0.0,0.0,36.980999999999995,553.5120000000001,74.039,9.798,167.265,0.0
AS14.03,2014-04-23,7.0,0.6,0.8,2.889353264085885,1729.0719995498657,0.0,1.0,30.181,966.4360000000004,82.68299999999999,0.0,241.16499999999988,0.0
AS14.03,2014-04-24,7.4,-0.2,1.0,2.5440262136656377,968.2680006027224,0.0,0.0,33.859,754.997,73.107,19.22,248.67099999999996,0.0
AS14.03,2014-04-25,7.5,-1.0,1.0,2.5480228372916143,1279.3800001144411,0.0,0.0,10.209000000000001,874.6059999999999,112.12499999999999,19.303,242.81499999999988,10.174
AS14.03,2014-04-26,7.5,-0.25,1.0,6.459414008025229,370.99199962615955,4.0,5.0,45.605,168.6,58.39199999999999,0.0,193.79399999999995,0.0
AS14.03,2014-04-27,7.6,-1.4,1.0,1.5732497222135815,1057.5909996032717,0.0,0.0,8.94,308.887,102.757,0.0,152.616,124.631
AS14.03,2014-04-28,7.0,-1.4,1.0,1.9830837681871973,1187.3810002803802,1.0,0.0,39.413,854.5779999999999,64.212,28.117,227.079,13.238
AS14.06,2014-03-25,7.0,-0.2,0.6,2.478754578754579,808.0850009918213,0.0,0.0,8.036,721.3100000000003,33.483000000000004,19.137,632.3819999999998,0.0
AS14.06,2014-03-26,8.0,0.5,1.5,2.440127753385805,1280.2480010986326,2.0,0.0,32.399,930.6949999999999,60.047000000000004,0.0,1118.3189999999995,177.954
AS14.06,2014-03-27,7.0,0.25,0.25,2.3819148936170205,721.7690002918242,1.0,0.0,13.073999999999998,825.5559999999998,38.326,0.0,686.6599999999999,0.0
AS14.06,2014-03-28,7.6,-0.2,0.8,2.9150035014005597,841.5360009670258,0.0,1.0,12.079,1323.0420000000001,62.614,0.0,1102.4769999999996,24.401
AS14.06,2014-03-29,7.8,0.0,1.0,1.7852941176470585,504.57700037956243,0.0,0.0,4.057,499.6010000000001,39.355,0.0,1026.042,0.0
AS14.06,2014-03-30,7.8,0.0,0.8,3.169467787114847,843.4239990711211,1.0,4.0,76.87400000000001,205.47,44.391,0.0,610.8119999999999,4.859
AS14.06,2014-03-31,7.0,-0.2,0.4,2.890898224043714,832.1260001659391,1.0,0.0,24.744,993.8119999999998,49.306,0.0,1167.7479999999998,0.0
AS14.06,2014-04-01,7.75,0.0,0.75,3.839511597842031,624.4339993000032,3.0,0.0,45.525,770.665,37.296,0.0,933.1589999999999,0.0
AS14.06,2014-04-02,6.8,-0.6,0.4,2.600840336134454,1125.908000230789,4.0,0.0,21.29,949.2699999999999,41.415,0.0,1082.3949999999995,22.122
AS14.06,2014-04-03,7.2,0.0,0.4,3.7723301657333552,1135.5530002117155,2.0,0.0,28.332000000000004,1018.5669999999998,54.772,0.0,959.056,86.76800000000001
AS14.06,2014-04-04,7.0,-0.4,0.2,2.541904761904763,511.25699996948265,0.0,0.0,35.452999999999996,606.8729999999998,41.732,0.0,1116.351,53.604
AS14.06,2014-04-05,7.0,-0.4,0.8,4.384108527131782,714.2870001792909,2.0,0.0,27.147,411.32,38.543,0.0,479.9319999999999,40.704
AS14.06,2014-04-06,7.0,-1.0,0.4,0.4697916666666663,84.02699995040892,1.0,0.0,10.072999999999999,183.542,34.256,0.0,426.02399999999994,0.0
AS14.06,2014-04-07,6.2,-0.6,0.0,3.3141025641025625,586.5589995384216,3.0,0.0,24.14,946.5429999999999,43.457,0.0,891.9680000000001,37.449
AS14.06,2014-04-08,6.6,-0.2,0.0,3.1490740740740746,897.1949989795686,4.0,1.0,55.16100000000001,855.7749999999995,61.25599999999999,1.003,986.4580000000001,4.01
AS14.06,2014-04-09,7.4,0.4,0.8,1.7526315789473683,703.0539999008178,1.0,0.0,7.039,951.736,40.434999999999995,0.0,1123.12,3.021
AS14.06,2014-04-10,7.6,-0.2,0.8,3.8128321678321684,1114.2890000343325,1.0,4.0,13.998999999999999,1198.5649999999996,39.512,0.0,1479.9219999999993,258.448
AS14.06,2014-04-11,7.8,-0.2,1.0,3.500584062597123,1075.8959991931915,0.0,0.0,18.195999999999998,1010.2810000000003,23.227,0.0,1382.9889999999996,100.72
AS14.06,2014-04-12,8.2,0.4,1.0,3.508683473389356,600.2740004062654,0.0,0.0,18.868,212.01799999999997,36.323,0.0,508.47400000000016,19.556
AS14.06,2014-04-13,6.5,-1.5,0.25,5.171122994652407,716.4279999732973,2.0,0.0,35.972,926.391,38.403,0.0,824.2569999999996,169.661
AS14.06,2014-04-14,7.25,-0.25,0.75,3.217372881355932,704.4419994354246,2.0,0.0,28.465,581.9979999999998,38.558,0.0,580.9029999999999,0.0
AS14.06,2014-04-15,7.0,-0.4,0.6,3.6101449275362305,1007.6869995594025,5.0,1.0,52.827999999999996,810.7420000000001,36.269999999999996,0.0,878.188,30.258000000000003
AS14.06,2014-04-16,7.6,0.0,0.4,2.4661064425770305,1347.086998462677,1.0,0.0,52.757,1347.4609999999996,65.859,0.0,1786.1659999999997,80.631
AS14.06,2014-04-17,6.8,0.2,0.6,2.730072463768116,1014.9920012950898,1.0,0.0,43.343,1142.7779999999998,39.31100000000001,3.008,1050.496,37.3
AS14.06,2014-04-18,6.25,-1.0,0.5,2.485663082437276,1001.7110004425048,3.0,0.0,7.178,851.651,57.885,0.0,754.959,56.607
AS14.06,2014-04-19,6.8,0.2,0.6,2.3583333333333347,802.4490001201632,4.0,0.0,36.44199999999999,483.13200000000006,33.376000000000005,0.0,473.42199999999997,0.0
AS14.06,2014-04-20,8.2,0.6,0.8,0.7117816091954017,386.96000027656544,0.0,0.0,10.221,271.137,52.714,0.0,625.0990000000002,0.0
AS14.06,2014-04-21,7.0,0.2,0.6,1.09535121741004,987.1929988861085,1.0,0.0,16.487000000000002,976.1859999999999,40.607,0.0,880.483,42.671
AS14.06,2014-04-22,6.6,-0.4,0.6,2.456462585034012,1626.7039980888367,6.0,1.0,33.39,1562.1540000000002,45.784000000000006,0.0,1355.2939999999996,19.198
AS14.06,2014-04-23,7.0,0.0,0.8,2.2733650407099524,931.292999267578,4.0,0.0,14.076,895.2919999999999,34.478,6.09,1022.585,39.757
AS14.06,2014-04-24,7.75,-0.25,0.75,4.242789228134413,1395.9009997844694,5.0,3.0,5.063,1114.0100000000002,17.097,4.016,846.7639999999997,135.14
AS14.06,2014-04-25,6.4,-1.0,0.4,3.9749999999999983,1119.2480006217957,3.0,0.0,27.168,931.381,48.459999999999994,7.033,1050.0659999999998,0.0
AS14.06,2014-04-26,7.5,0.0,1.0,4.958333333333335,1548.389000892639,10.0,1.0,68.383,785.619,21.14,9.028,787.5739999999998,45.608
AS14.06,2014-04-27,7.2,-0.6,1.0,0.9554534313725486,395.26200079917913,0.0,0.0,0.0,142.504,33.153999999999996,0.0,335.96299999999997,0.0
AS14.06,2014-04-28,6.75,-0.25,0.5,3.101839826839827,1047.6400012969973,0.0,0.0,4.0120000000000005,1046.575,29.229000000000003,0.0,800.896,0.0
AS14.06,2014-04-29,7.25,0.0,1.0,3.1535480859010288,828.9850001335144,2.0,0.0,21.272000000000002,784.979,23.115,0.044,883.981,0.0
AS14.06,2014-04-30,6.8,-0.6,0.6,1.9599169952838698,828.5599997043612,1.0,0.0,25.247999999999998,1164.0410000000004,42.517,0.0,831.6569999999996,0.0
AS14.06,2014-05-01,8.0,0.0,1.0,4.574175824175825,594.944000005722,2.0,0.0,33.625,276.91900000000004,24.146,0.0,509.50699999999995,123.271
AS14.06,2014-05-02,7.2,-0.75,1.0,3.3347457627118637,631.5029993057252,4.0,0.0,15.155,539.794,37.36,0.0,405.7819999999999,104.112
AS14.06,2014-05-03,6.25,-0.75,0.0,3.303880718954248,438.12599992752064,0.0,0.0,4.009,309.495,28.336,0.0,414.58000000000004,0.0
AS14.06,2014-05-04,7.6,-0.8,0.75,2.339267800143314,384.5409994125365,0.0,0.0,10.078,442.26900000000006,86.69800000000001,0.0,331.958,4.015
AS14.06,2014-05-05,7.0,-0.6666666666666666,0.6666666666666666,1.2305555555555552,571.180999279022,0.0,0.0,24.224,655.7599999999999,31.449,0.0,686.415,0.0
AS14.08,2014-04-21,6.4,-1.0,0.6,0.7030790320020459,408.77499938011164,0.0,0.0,38.028000000000006,212.313,31.308,5.032,510.9550000000001,6.026
AS14.09,2014-03-22,7.0,0.0,0.6666666666666666,1.508333333333333,1409.9480009078977,0.0,0.0,9.341,916.2539999999999,13.264000000000001,13.309000000000001,509.1530000000001,28.593
AS14.09,2014-03-23,6.75,0.75,0.25,0.7999999999999995,756.7750000953673,0.0,1.0,57.92,877.429,68.399,0.0,431.99199999999973,12.337
AS14.09,2014-03-24,7.25,0.5,0.5,1.9000000000000004,1510.4840004444125,0.0,0.0,30.725,952.9590000000002,111.12200000000001,29.162999999999997,839.5589999999999,153.4
AS14.09,2014-03-25,6.2,0.4,-0.2,0.6166666666666667,968.4210011959075,1.0,0.0,35.515,1426.4969999999996,55.207,5.135,511.20899999999995,52.922999999999995
AS14.09,2014-03-26,7.75,0.5,0.75,2.07157382847038,1081.4859998226168,3.0,2.0,25.238999999999997,736.838,46.913,1.004,620.9849999999999,6.063
AS14.09,2014-03-27,7.8,-0.4,0.8,0.6500000000000005,807.2599997520447,1.0,0.0,26.381999999999998,274.915,47.865,0.0,430.36,15.406
AS14.09,2014-03-28,8.25,-0.25,1.0,1.9146825396825389,745.3330013751983,4.0,0.0,43.36600000000001,882.8920000000002,69.158,7.099,610.156,257.929
AS14.09,2014-03-29,8.0,-0.4,1.0,1.975,1045.5309989452362,5.0,0.0,36.628,1176.257,43.549,0.0,489.4629999999997,60.882
AS14.09,2014-03-30,7.75,-1.0,1.0,2.5750000000000006,1019.4019994735719,2.0,1.0,46.60699999999999,800.9130000000002,41.815000000000005,0.0,921.1439999999998,54.731
AS14.09,2014-03-31,7.0,-0.2,0.2,2.0000000000000004,1077.7009994983673,3.0,0.0,62.392,799.8449999999999,49.509,5.103999999999999,447.7719999999997,331.12800000000004
AS14.09,2014-04-01,7.6,0.0,0.6,1.9166666666666674,1151.9820003509521,5.0,0.0,58.753,1499.071,64.097,0.0,712.7630000000001,5.071000000000001
AS14.09,2014-04-02,6.2,0.2,0.0,0.9932773109243694,761.3440001010897,2.0,0.0,25.525999999999996,466.0950000000001,45.917,0.0,349.97000000000014,18.21
AS14.09,2014-04-03,7.6,0.0,0.6,4.341666666666666,1693.8969995975494,3.0,0.0,85.86500000000002,951.025,50.761,12.088000000000001,758.1359999999997,494.128
AS14.09,2014-04-04,7.25,-0.75,0.75,1.8249999999999995,1047.207999944687,3.0,1.0,51.607,1090.246,42.618,7.041,549.013,119.398
AS14.09,2014-04-05,7.5,0.0,0.75,2.7750000000000004,1206.1320009231565,0.0,0.0,21.296,1023.5080000000002,39.839,1.012,682.341,1.007
AS14.09,2014-04-06,6.8,-0.4,0.8,3.333333333333333,1227.7270007133486,0.0,0.0,40.578,1073.408,56.846999999999994,4.025,654.7509999999996,46.546
AS14.09,2014-04-07,6.2,-0.5,0.0,1.8750000000000009,896.0120010375977,0.0,0.0,21.234,546.255,46.538999999999994,8.114,631.934,142.518
AS14.09,2014-04-08,7.2,0.0,0.6,2.0749999999999997,1632.4749999046326,0.0,1.0,33.623,693.122,48.684,12.329,565.246,138.03399999999996
AS14.09,2014-04-09,6.5,0.25,0.25,0.716666666666667,754.6069998741151,3.0,0.0,16.249,623.26,29.333999999999996,0.0,256.78399999999993,26.014
AS14.09,2014-04-10,6.0,0.75,0.0,0.42500000000000004,268.67500114440924,1.0,0.0,23.122,218.378,19.387,0.0,296.30799999999994,2.019
AS14.09,2014-04-11,6.8,0.0,0.6,0.8,639.6359996795651,0.0,0.0,2.008,436.2120000000001,52.599000000000004,0.0,209.12999999999994,74.315
AS14.09,2014-04-12,7.0,0.0,0.8,0.6249999999999999,246.3410003185273,2.0,0.0,0.0,452.55499999999984,52.751999999999995,0.0,193.17999999999995,3.028
AS14.09,2014-04-13,6.0,-0.8,0.0,1.0333333333333332,334.5460000038147,0.0,1.0,12.187,260.619,15.208,0.0,153.47500000000002,18.144
AS14.09,2014-04-14,5.8,-0.2,-0.2,0.41666666666666596,167.73400044441232,1.0,1.0,1.1,110.53,25.479,5.029,147.589,24.711
AS14.09,2014-04-15,6.0,0.0,0.0,0.7083333333333335,680.9159998893739,1.0,1.0,3.016,328.69599999999997,11.277000000000001,0.0,156.198,0.0
AS14.09,2014-04-16,5.5,-0.5,-0.25,0.1090909090909091,123.28600001335141,0.0,0.0,10.120999999999999,95.48,0.0,0.0,34.84,0.0
AS14.09,2014-04-17,7.0,0.0,0.75,2.098674242424243,799.6190004348755,1.0,1.0,12.238999999999999,419.539,76.251,0.0,242.5729999999999,48.13100000000001
AS14.09,2014-04-18,6.6,-1.2,0.6,1.2621212121212124,511.2430002689361,2.0,1.0,5.22,278.51700000000005,12.053,19.173999999999996,300.0240000000001,25.137999999999998
AS14.09,2014-04-19,8.0,0.25,1.0,1.5840909090909092,315.50999975204473,0.0,0.0,13.157,271.615,20.803,4.028,222.784,53.56999999999999
AS14.12,2014-04-03,5.4,0.4,0.0,3.7761904761904757,1743.5320014953616,3.0,0.0,770.5519999999997,640.0090000000001,40.63,49.353,1180.599,28.248000000000005
AS14.12,2014-04-04,6.5,0.75,0.6666666666666666,3.330717371694441,1734.9159991741178,8.0,3.0,579.9319999999997,618.4350000000001,45.5,7.01,342.665,667.6089999999999
AS14.12,2014-04-05,6.2,0.0,0.4,3.607159522324873,1174.2830007076263,3.0,1.0,480.8640000000002,147.172,28.565,10.485,633.792,137.05599999999998
AS14.12,2014-04-06,6.25,0.25,0.75,2.093066867361573,519.2430005073547,0.0,0.0,266.672,59.247,39.345,0.0,57.533,207.42600000000002
AS14.12,2014-04-07,6.4,0.2,1.0,3.0157228645602085,1026.4549999237058,0.0,0.0,460.6449999999997,407.415,39.597,54.415,806.9550000000002,111.267
AS14.12,2014-04-08,6.25,0.0,0.25,2.82371931823577,1712.1440010070803,2.0,0.0,683.1070000000004,640.7860000000001,44.583000000000006,9.024999999999999,1189.7210000000005,117.34400000000001
AS14.12,2014-04-09,5.25,0.0,-0.5,3.972401497057019,2017.391998767853,0.0,0.0,771.3959999999995,352.844,41.01,38.118,1306.9039999999998,83.265
AS14.12,2014-04-10,6.4,0.2,0.6,3.2116988023577564,1438.0799996852872,0.0,0.0,596.377,174.56000000000003,56.132,0.0,1444.3969999999997,0.0
AS14.12,2014-04-11,6.6,-0.5,1.0,1.7162564032041814,867.8469982147217,2.0,0.0,314.295,169.195,45.553000000000004,0.0,771.147,66.431
AS14.12,2014-04-12,6.8,0.0,0.8,2.0167683430611363,2107.3390004634857,0.0,0.0,759.4429999999994,843.3850000000002,34.400999999999996,0.0,828.1940000000002,144.348
AS14.12,2014-04-13,5.6,0.6,0.0,2.289199799141452,1384.9130020141602,3.0,0.0,667.316,459.50199999999995,51.980000000000004,0.0,1109.366,76.48899999999999
AS14.12,2014-04-14,6.6,-0.4,0.8,2.098180458624128,1658.4979999065397,1.0,0.0,593.477,574.593,30.275,22.081000000000003,964.8579999999998,10.109
AS14.12,2014-04-15,6.8,0.2,1.0,2.8812119312384366,2108.383999824524,6.0,0.0,706.912,765.383,53.343999999999994,40.322,1130.6669999999997,5.128
AS14.12,2014-04-16,7.0,0.0,1.0,4.754381582494967,1481.5560023784637,3.0,2.0,742.0179999999999,397.895,42.878,0.0,750.7429999999999,54.072
AS14.12,2014-04-17,6.8,-0.6,0.8,3.1454792640182117,1685.928000211716,2.0,0.0,568.5169999999998,506.747,49.81,23.549,864.6969999999999,174.29899999999998
AS14.12,2014-04-18,6.6,-0.6,0.8,1.9194989555706448,1260.7300000190733,0.0,0.0,379.6139999999998,158.016,37.205,9.264,1298.6109999999999,234.75400000000002
AS14.12,2014-04-19,5.8,0.4,0.4,4.011965416327329,2023.467001914978,4.0,2.0,654.4319999999996,411.10799999999995,41.652,0.0,1033.566,93.026
AS14.12,2014-04-20,6.4,0.4,1.0,4.845879840887222,2609.6579997539525,0.0,0.0,754.4039999999998,171.372,51.321,2.024,1883.9360000000001,344.66
AS14.12,2014-04-21,6.0,-0.25,0.75,1.6153108999251975,859.1700005531312,1.0,0.0,354.35499999999996,290.736,45.51,0.0,496.155,10.248
AS14.12,2014-04-22,6.5,0.25,1.0,3.951049556956835,2181.8560009002686,2.0,0.0,779.433,597.2100000000002,36.016,14.088000000000001,1882.6479999999995,457.74500000000006
AS14.12,2014-04-23,5.8,0.0,0.8,2.747853296033754,1420.8569996356962,6.0,0.0,572.8190000000001,364.38300000000004,39.926,0.0,934.8089999999999,40.942
AS14.12,2014-04-24,6.6,-0.6,0.6,2.0453472033060858,1322.1109986305235,1.0,0.0,562.952,289.282,41.343999999999994,24.303,1447.0080000000003,64.921
AS14.12,2014-04-25,5.6,0.2,0.2,3.2322888477424865,1262.0460007190702,3.0,1.0,410.1190000000001,249.679,46.248,17.057000000000002,616.015,123.332
AS14.12,2014-04-26,7.0,0.25,1.0,7.981850538027071,1080.8739988803861,6.0,0.0,399.3269999999999,189.574,42.465,0.0,186.18800000000002,175.454
AS14.12,2014-04-27,6.0,0.0,0.75,4.643507785556638,1188.8739988803864,1.0,0.0,387.155,138.494,41.514,0.0,264.871,190.40300000000002
AS14.12,2014-04-28,6.6,-0.6,1.0,2.049544498373013,784.4749996662142,2.0,8.0,403.901,234.79200000000003,44.43899999999999,15.042000000000002,515.611,9.737
AS14.12,2014-04-29,6.0,-0.4,1.0,1.9007432950011172,1531.0020003318784,4.0,0.0,559.6229999999999,395.611,48.704,0.0,1045.567,0.0
AS14.12,2014-04-30,6.25,-0.25,0.6666666666666666,2.927836620720138,1291.330999612808,2.0,0.0,519.2219999999999,253.956,36.543,0.0,325.05999999999995,88.41699999999999
AS14.12,2014-05-01,6.2,-0.2,0.5,2.293680927211759,1320.4230008125305,0.0,2.0,593.8670000000001,694.5550000000001,23.220999999999997,169.08499999999998,705.5369999999999,131.09400000000002
AS14.12,2014-05-02,5.5,0.0,0.5,3.0129894947566376,1089.671998977661,1.0,0.0,554.3109999999999,301.105,45.013000000000005,60.476,1071.8759999999997,130.312
AS14.13,2014-03-28,7.6,-1.0,1.2,5.033756095767982,1693.1569993495941,0.0,0.0,232.80399999999997,1571.935,74.43,6.141,755.6060000000001,67.209
AS14.13,2014-03-29,7.2,-1.8,1.0,2.960683023872679,1451.3040010929108,0.0,0.0,87.62200000000001,1199.939,67.788,0.0,454.20000000000005,0.0
AS14.13,2014-03-30,6.2,-0.6,0.8,1.5488412855260674,2259.5559997558594,0.0,0.0,6.052,1797.4180000000003,48.007000000000005,0.0,117.256,0.0
AS14.13,2014-03-31,7.0,-1.2,0.6,3.5067226890756293,2002.6879982948305,1.0,0.0,92.77100000000003,1365.245,74.55,0.0,203.538,0.0
AS14.13,2014-04-01,7.5,-1.5,1.0,5.2649801587301575,1912.8100001811983,3.0,3.0,251.165,1169.146,58.629999999999995,0.0,88.154,0.0
AS14.13,2014-04-02,7.4,-1.2,1.0,5.19691123053192,4043.979998111725,0.0,0.0,49.792,2834.159000000002,57.786,0.0,239.538,0.0
AS14.13,2014-04-03,7.6,-0.8,1.4,4.559492178042285,2178.3729996681213,3.0,7.0,187.99399999999997,2084.550999999999,70.705,0.0,35.561,0.0
AS14.13,2014-04-04,7.8,-0.6,1.0,2.7543916317718042,1845.0530018806458,0.0,3.0,117.01400000000001,1384.462,31.885,0.0,221.68399999999997,0.0
AS14.13,2014-04-05,6.8,0.2,0.8,1.8775352661522873,2724.8340005874634,0.0,0.0,5.3740000000000006,2055.814000000001,78.366,0.0,98.156,0.0
AS14.13,2014-04-06,6.25,0.25,0.75,3.8438522784285496,1445.9269988536835,0.0,0.0,56.683,1463.853,80.37100000000001,0.0,136.14000000000001,89.309
AS14.13,2014-04-07,7.4,-0.4,1.0,4.620069851485781,1572.1259999275208,1.0,1.0,46.93299999999999,1419.3759999999995,17.961000000000002,0.0,425.4199999999999,0.0
AS14.13,2014-04-08,8.2,0.8,1.4,1.8650327217343714,2825.8200018405914,2.0,0.0,80.08399999999999,2313.5329999999994,86.889,0.0,76.35199999999999,0.0
AS14.13,2014-04-09,7.8,-0.2,1.2,2.8539772235981014,3589.4779965877533,4.0,0.0,81.42999999999999,2879.9410000000007,43.065000000000005,0.0,137.754,20.55
AS14.13,2014-04-10,7.6,0.6,1.0,3.7105368561102496,1657.0479989051817,1.0,0.0,37.919999999999995,1225.4749999999997,71.502,0.0,102.72999999999999,0.0
AS14.13,2014-04-11,6.8,0.6,1.2,5.155785391079507,1878.6369993686678,1.0,0.0,97.88500000000002,1137.5960000000002,42.388000000000005,0.0,204.023,0.0
AS14.13,2014-04-12,6.8,0.6,1.0,1.1459903381642513,1747.047999858856,4.0,6.0,95.399,1727.977,31.746,5.032,109.247,0.0
AS14.13,2014-04-13,6.6,0.2,0.8,1.210725435347049,2037.4980006217957,0.0,2.0,27.915,1756.012,66.99000000000001,0.0,156.51100000000002,0.0
AS14.13,2014-04-14,6.8,-0.6,1.0,2.8712039752362335,2040.0209999084473,0.0,0.0,36.573,2027.1290000000001,72.19800000000002,0.0,214.17100000000002,0.0
AS14.13,2014-04-15,6.0,-0.8,0.2,5.549018326051459,2463.6650002002716,2.0,1.0,201.50299999999996,1718.0959999999993,78.71799999999998,0.0,98.26599999999999,0.0
AS14.13,2014-04-16,6.0,-0.25,0.75,5.074242424242424,2648.0909986495967,2.0,0.0,121.554,1992.9920000000004,48.625,0.0,278.166,0.0
AS14.13,2014-04-17,6.4,-1.2,1.0,0.5383436838494823,1035.1620004177094,2.0,1.0,38.12,1152.441,58.464,4.171,110.73899999999999,0.0
AS14.13,2014-04-18,3.5,-1.0,-1.0,0.5909090909090909,456.97300052642834,0.0,0.0,11.332,406.851,23.626,0.0,66.562,0.0
AS14.13,2014-04-19,7.2,-0.6,1.0,3.1310576933579455,2154.614001274109,1.0,0.0,46.49700000000001,1786.7370000000005,83.055,14.379,196.292,15.463
AS14.13,2014-04-20,6.6,-1.6,0.6,2.884033613445377,1190.3570005893705,0.0,0.0,17.698999999999998,1066.7169999999999,70.874,0.0,187.277,0.0
AS14.15,2014-03-29,7.0,-1.2,0.8,1.6297619047619052,53.69299983978274,10.0,0.0,39.541999999999994,3.016,10.032,0.0,49.613,0.0
AS14.15,2014-03-30,7.4,-0.8,1.0,1.011507936507937,33.6490004062653,5.0,0.0,47.771,27.159999999999997,0.0,0.0,0.0,0.0
AS14.15,2014-03-31,7.2,0.2,1.0,0.0,0.0,12.0,7.0,0.0,0.0,0.0,0.0,0.0,0.0
AS14.15,2014-04-01,7.2,0.6,1.0,1.0873015873015868,163.55200004577628,1.0,4.0,54.33,143.15900000000002,0.0,0.0,0.0,0.0
AS14.15,2014-04-02,7.2,0.8,1.0,0.7579365079365087,124.2949998378754,7.0,1.0,78.867,129.94299999999998,8.031,0.0,14.121,0.0
AS14.15,2014-04-03,7.2,0.6,1.0,0.0,0.0,2.0,0.0,0.0,0.0,0.0,0.0,0.0,0.0
AS14.15,2014-04-04,7.2,0.6,1.0,1.633802430677431,234.46299982070926,2.0,0.0,60.706,139.628,0.0,0.0,47.184,0.0
AS14.15,2014-04-05,7.8,1.0,1.0,0.5526315789473684,25.41400027275089,4.0,0.0,3.056,0.0,0.0,0.0,0.0,0.0
AS14.15,2014-04-06,6.2,-0.2,0.0,0.0131578947368421,9.95099997520447,5.0,1.0,27.133000000000003,150.861,0.0,0.0,0.0,0.0
AS14.15,2014-04-07,6.8,0.4,0.4,0.427033492822966,142.66799998283386,4.0,1.0,31.18,60.028,18.198,0.0,0.0,0.0
AS14.15,2014-04-08,6.8,0.2,0.6,0.0,0.0,1.0,3.0,0.0,0.0,0.0,0.0,0.0,0.0
AS14.15,2014-04-09,7.0,0.0,1.0,0.0263157894736842,0.0,4.0,0.0,0.0,0.0,0.0,0.0,0.0,0.0
AS14.15,2014-04-10,7.2,0.4,1.0,0.0394736842105263,61.6400001049042,1.0,0.0,9.093,94.759,0.0,0.0,0.0,0.0
AS14.15,2014-04-11,7.0,0.4,0.8,0.0714285714285714,119.212000131607,1.0,0.0,17.214,41.451,11.077,0.0,0.0,0.0
AS14.15,2014-04-12,7.4,1.0,1.0,0.5825892857142856,59.9460000991821,5.0,1.0,41.643,57.32300000000001,0.0,0.0,0.0,0.0
AS14.15,2014-04-13,7.0,2.0,1.0,0.0,0.0,21.0,2.0,0.0,0.0,0.0,0.0,0.0,0.0
AS14.15,2014-04-14,7.0,1.0,1.0,0.5092592592592593,14.43200016021732,1.0,0.0,60.13500000000001,66.509,6.016,9.068,3.013,4.021
AS14.15,2014-04-15,7.0,-0.2,1.0,0.0,0.0,1.0,0.0,0.0,0.0,0.0,0.0,0.0,0.0
AS14.15,2014-04-16,7.0,0.2,1.0,0.9912037037037034,151.14899992942813,0.0,0.0,51.337,158.876,28.162000000000003,0.0,0.0,0.0
AS14.15,2014-04-17,6.4,0.0,0.0,0.729166666666666,150.31199979782102,2.0,0.0,84.14000000000001,198.74800000000002,17.179000000000002,0.0,63.36,0.0
AS14.15,2014-04-18,6.0,-0.4,0.0,0.781541218637992,150.12999963760376,0.0,0.0,50.825,69.307,10.049,4.008,16.116,0.0
AS14.17,2014-03-21,7.4,0.8,1.0,4.031386282906977,674.0979995727539,0.0,0.0,120.74199999999996,495.6800000000001,45.162000000000006,14.059999999999999,361.404,0.0
AS14.17,2014-03-22,7.4,0.4,0.8,4.6264701012956255,1230.4520013332367,0.0,0.0,121.14600000000003,875.3309999999999,44.653,0.0,366.178,81.85000000000001
AS14.17,2014-03-23,7.4,0.8,0.8,1.6822248456096904,809.819000005722,0.0,1.0,165.071,513.2340000000002,35.186,0.0,726.3150000000002,135.242
AS14.17,2014-03-24,7.0,0.6666666666666666,0.6666666666666666,3.8964009807342737,1653.8349997997286,4.0,0.0,195.43299999999996,1096.9029999999993,36.194,0.0,328.00300000000004,265.3299999999999
AS14.17,2014-03-25,7.5,0.5,1.0,1.4885440476037812,646.2949995994568,0.0,0.0,74.93399999999998,446.547,27.1,0.0,390.27700000000004,9.866
AS14.17,2014-03-26,7.2,0.2,0.8,1.6448903290129613,1247.3600010871887,2.0,0.0,288.166,870.313,43.175,0.0,726.7320000000001,29.112000000000002
AS14.17,2014-03-27,7.2,0.4,0.6,2.1751960288978536,861.4380009174347,0.0,0.0,189.76899999999992,621.1200000000002,45.211999999999996,0.0,906.6499999999999,39.168
AS14.17,2014-03-28,7.2,0.6,1.0,6.024883919669563,1507.754000902176,1.0,0.0,156.932,911.9680000000003,31.250000000000004,0.0,594.298,190.957
AS14.17,2014-03-29,6.8,0.6,0.6,5.022917176431632,1310.8980014324186,8.0,1.0,262.028,679.9150000000003,45.153999999999996,0.0,758.5649999999999,125.194
AS14.17,2014-03-30,8.0,1.0,1.0,0.1333333333333333,291.8069996833802,0.0,0.0,25.019000000000002,150.26799999999997,32.299,0.0,0.0,0.0
AS14.17,2014-03-31,7.25,0.5,1.0,2.351665242368133,769.2270007133484,0.0,0.0,255.1,632.1549999999999,58.52199999999999,0.0,360.818,146.396
AS14.17,2014-04-01,7.4,0.6,1.0,3.5226334123392955,1364.7080006599429,4.0,2.0,330.55400000000003,828.6480000000001,37.259,7.686,324.50700000000006,97.588
AS14.17,2014-04-02,7.5,0.25,0.75,2.1642399540084116,1293.0220003128052,1.0,0.0,246.42599999999996,596.5369999999999,32.206,3.434,394.67499999999995,86.618
AS14.17,2014-04-03,7.2,0.2,1.0,2.9808823529411765,1209.4400010108948,1.0,1.0,255.28100000000003,805.9579999999999,38.18,0.0,391.68500000000006,128.398
AS14.17,2014-04-04,7.0,-0.6,0.8,3.836064425770309,751.8160018920898,1.0,1.0,167.861,385.047,44.382,2.004,413.98299999999995,0.0
AS14.17,2014-04-05,7.0,0.2,1.0,4.539355148839198,681.6390011310579,3.0,3.0,132.28699999999998,560.7049999999999,43.366,0.0,71.387,15.843
AS14.17,2014-04-06,7.25,0.25,1.25,0.8853134214670572,340.85799932479864,0.0,1.0,71.157,362.796,51.352,0.0,220.82099999999997,0.0
AS14.17,2014-04-07,7.0,1.0,1.0,0.9799902569723544,513.5020003318788,0.0,0.0,74.84700000000001,431.366,23.193,0.0,74.44000000000001,0.0
AS14.17,2014-04-08,7.0,0.4,1.0,0.6255694839919435,1419.3579995632172,3.0,1.0,336.1109999999999,1115.1659999999997,134.03300000000002,0.0,845.6870000000002,203.56699999999998
AS14.17,2014-04-09,7.0,0.25,1.0,2.6215543642819203,1112.8759999275208,0.0,0.0,220.74099999999993,865.5240000000001,51.035999999999994,3.025,437.03200000000004,160.19
AS14.17,2014-04-10,6.75,1.0,1.0,2.418573204059626,808.8569998741149,0.0,0.0,212.97300000000004,1186.674,47.447,0.0,495.19499999999994,41.142
AS14.17,2014-04-11,7.2,0.4,1.0,4.976967605816774,1352.2980003356931,0.0,0.0,489.87,401.83599999999984,39.482,0.0,561.8029999999998,145.14399999999998
AS14.17,2014-04-12,7.2,0.4,1.0,3.982876845286387,1568.5859997272491,0.0,0.0,482.97600000000017,590.901,39.147999999999996,0.0,613.9339999999997,0.0
AS14.17,2014-04-13,7.2,-0.2,1.0,1.815936454856059,857.2669999599459,0.0,0.0,347.1999999999999,459.157,37.875,0.0,521.5649999999999,69.49100000000001
AS14.17,2014-04-14,7.0,0.8,1.0,2.042744125115081,954.8489999771117,1.0,0.0,285.74699999999996,173.11100000000002,49.449999999999996,0.0,319.57,200.31000000000003
AS14.17,2014-04-15,7.0,0.4,1.0,2.4536708330123544,1957.3469989299776,0.0,1.0,189.53400000000005,1509.8779999999995,100.836,13.126000000000001,420.46099999999996,82.572
AS14.17,2014-04-16,7.2,0.8,1.0,2.6729802815618178,1924.0620024204256,2.0,1.0,268.9240000000001,1261.0319999999995,46.701,0.0,427.26599999999985,103.84800000000001
AS14.17,2014-04-17,7.0,0.4,1.0,2.787620996901864,893.9839994907379,0.0,2.0,168.34500000000003,690.232,43.742999999999995,0.0,485.44,4.649
AS14.17,2014-04-18,7.0,1.0,1.0,3.7710903996989713,501.7899997234342,1.0,0.0,22.825,360.963,33.187,0.0,68.405,5.019
AS14.17,2014-04-19,7.0,1.0,1.0,4.01374403942835,786.2340011596681,0.0,0.0,22.274,565.0509999999999,43.589000000000006,0.0,185.108,0.0
AS14.17,2014-04-20,7.2,0.4,1.0,2.9079662456813793,2003.1370005607603,0.0,0.0,222.78700000000003,1873.1689999999999,43.058,0.0,502.8869999999999,101.99900000000001
AS14.17,2014-04-21,7.4,0.4,1.0,2.1167134877347538,945.9130005836488,1.0,0.0,94.373,890.7229999999996,39.551,0.0,197.937,22.156
AS14.17,2014-04-22,6.6,0.6,1.0,1.2149159663865536,1286.6190004348757,0.0,2.0,184.809,863.7650000000002,46.482,0.0,521.22,72.052
AS14.17,2014-04-23,7.25,1.0,1.0,1.7240619209853028,1507.2199997901917,1.0,0.0,285.9169999999999,1174.6399999999999,45.771,0.0,529.577,281.121
AS14.17,2014-04-24,7.2,1.0,1.0,2.635626296211738,1549.0970015525818,1.0,0.0,302.6979999999999,844.2690000000001,40.536,0.0,594.511,209.972
AS14.17,2014-04-25,7.2,0.4,1.0,4.684202535194868,1356.7539989948273,4.0,1.0,355.833,802.4759999999999,44.207,10.858,51.522999999999996,29.706
AS14.17,2014-04-26,8.0,1.0,1.0,4.484102912294093,1205.2339980602264,0.0,1.0,387.54799999999994,580.337,33.417,0.0,124.62100000000001,0.0
AS14.17,2014-04-27,7.2,1.0,1.0,2.611555779336526,452.9509999752045,0.0,2.0,128.645,386.475,34.075,0.0,398.769,27.316
AS14.17,2014-04-28,6.75,0.75,0.3333333333333333,2.337298904745795,1317.2859997749329,0.0,0.0,187.5449999999999,895.0360000000003,25.43,11.214,412.41800000000006,132.76800000000003
AS14.23,2014-04-16,7.4,0.0,1.0,4.541599292526897,2262.783000946045,2.0,0.0,161.143,1505.6080000000002,79.16099999999999,15.492999999999999,271.447,71.24499999999999
AS14.23,2014-04-17,7.4,1.0,1.4,7.676486549663488,2952.9909994602203,0.0,0.0,99.602,1761.3039999999996,129.901,26.2,158.586,62.372
AS14.23,2014-04-18,7.6,0.4,1.0,5.340446127946128,1632.0100002288818,2.0,0.0,68.825,1432.548,86.961,0.0,171.358,6.017
AS14.23,2014-04-19,7.75,0.0,1.0,3.7857142857142856,1079.2129995822909,0.0,0.0,101.51899999999999,844.121,77.40299999999999,0.0,138.671,16.059
AS14.23,2014-04-20,7.75,0.5,1.0,7.692016986844573,2716.001000881195,1.0,0.0,196.26299999999998,1534.9679999999996,73.568,0.0,700.0679999999999,7.056
AS14.23,2014-04-21,7.2,-0.4,1.0,3.70370217305005,3168.9359998703003,0.0,0.0,40.834,2471.771,41.298,0.0,63.485,0.0
AS14.23,2014-04-22,6.2,0.2,0.4,6.313896906283227,3360.677001714706,3.0,0.0,305.9249999999999,2262.283,57.23,0.0,50.252,81.53
AS14.23,2014-04-23,7.0,0.0,1.0,4.743860275193725,2109.5009996891026,2.0,0.0,270.621,557.713,276.345,14.995999999999999,50.477,5.013
AS14.23,2014-04-24,7.4,0.0,1.0,6.972919629118822,2016.850001335144,1.0,1.0,70.96000000000001,1180.7460000000003,64.601,10.035,299.876,0.0
AS14.23,2014-04-25,7.8,-0.2,1.2,6.114528131893232,4776.210000753403,1.0,0.0,286.1329999999999,2854.8099999999995,118.56,5.083,324.40599999999995,11.041
AS14.23,2014-04-26,7.5,-0.5,1.0,8.097286047286048,2410.8610010147095,2.0,0.0,148.70000000000002,1734.323999999999,76.206,4.013,76.011,62.559
AS14.23,2014-04-27,7.0,-0.2,1.0,5.877932010656467,2826.4399974346156,2.0,1.0,163.22300000000007,2618.1079999999993,136.92,0.0,123.19900000000001,64.37599999999999
AS14.23,2014-04-28,7.6,-0.2,1.0,6.319931580104143,2871.22899889946,2.0,2.0,149.665,1960.9719999999995,72.805,23.788999999999998,397.67599999999993,47.304
AS14.23,2014-04-29,7.4,-0.2,1.2,5.22924297924298,3144.8810002803802,2.0,,78.56099999999999,1777.5140000000001,29.346,0.0,240.85699999999997,0.0
AS14.23,2014-04-30,9.0,-1.0,1.0,7.080849253314232,3270.813999652863,2.0,,122.06600000000003,2520.536000000001,33.312999999999995,0.0,434.2220000000001,0.0
AS14.24,2014-05-04,7.5,-0.5,1.0,2.7954130548194693,1172.5860002040863,0.0,0.0,419.65500000000014,539.621,41.382,13.722,22.098,0.0
AS14.24,2014-05-05,6.0,-0.6666666666666666,0.3333333333333333,2.1713949114690028,451.2530000209808,0.0,0.0,201.96200000000005,351.712,36.501,0.0,167.58200000000002,0.0
AS14.24,2014-05-07,7.0,1.0,0.75,0.32523314840094003,824.0220017433167,0.0,0.0,309.15999999999997,543.5490000000001,41.604,0.0,128.63,14.104000000000001
AS14.24,2014-05-08,7.0,0.3333333333333333,1.0,2.204334432599637,1072.9010007381437,2.0,1.0,269.0930000000001,279.746,43.482000000000006,0.0,115.58700000000002,37.175000000000004
AS14.24,2014-05-09,7.4,-1.0,1.0,2.010556365092754,571.6210002899168,2.0,0.0,223.88700000000003,360.86199999999997,19.234,2.01,0.0,3.205
AS14.24,2014-05-11,7.25,-1.0,1.0,1.0878762705609748,754.2629990577699,0.0,2.0,228.78199999999998,360.1879999999999,61.95,0.0,22.641,0.0
AS14.24,2014-05-12,7.0,-0.8,0.6,2.2554689794494576,1460.9660003185272,1.0,0.0,484.88599999999974,736.4039999999999,54.340999999999994,0.0,534.015,15.946
AS14.24,2014-05-13,7.5,-0.25,0.75,1.3026753074111,1072.176999568939,2.0,0.0,366.075,730.973,48.437,5.077,93.593,22.11
AS14.25,2014-04-09,7.4,0.0,0.2,2.4303571428571433,1280.3300004005432,9.0,2.0,479.6589999999998,904.2429999999998,16.263,0.0,423.5,58.089999999999996
AS14.25,2014-04-10,6.5,0.25,0.5,2.2901435574229687,1269.3339998722076,0.0,1.0,386.33799999999974,647.149,68.851,1.004,41.305,21.103
AS14.25,2014-04-11,7.75,-0.25,0.5,2.32948717948718,1063.0169999599455,3.0,7.0,360.9389999999999,713.465,16.059,1.025,152.65099999999998,0.0
AS14.25,2014-04-12,7.0,-0.2,0.6,1.0248199956658546,776.1010003089906,3.0,1.0,164.925,150.336,48.681,6.026000000000001,0.0,0.0
AS14.25,2014-04-13,6.6,-0.4,0.4,0.5405461664654717,560.5330004692076,4.0,0.0,170.889,312.88399999999996,32.358000000000004,1.013,186.82399999999998,12.054
AS14.25,2014-04-14,6.4,0.6,0.2,1.3664408297777824,1179.8269996643064,8.0,0.0,327.6719999999999,936.738,32.255,0.0,59.411,7.031
AS14.25,2014-04-15,6.5,-0.25,0.0,1.9379500230178837,1436.2890014648435,2.0,1.0,364.3489999999997,904.3879999999998,75.239,0.0,41.274,5.2989999999999995
AS14.25,2014-04-16,7.2,0.2,0.6,2.5275846148572723,875.9859993457794,6.0,3.0,334.15000000000003,878.6400000000001,36.491,10.089,39.935,27.307000000000002
AS14.25,2014-04-17,6.5,0.0,0.0,2.9228274619728567,2703.5070011615753,3.0,0.0,653.6480000000005,1257.2439999999995,70.404,13.415,472.1909999999999,104.815
AS14.25,2014-04-18,6.25,-0.25,0.0,1.7694436890222132,2110.8679988384247,4.0,14.0,527.8139999999996,575.49,45.34100000000001,0.0,140.42,107.70500000000001
AS14.25,2014-04-19,7.5,-0.75,0.0,2.029459960102593,1515.0660009384155,6.0,0.0,317.5739999999999,685.364,49.126999999999995,2.012,419.357,0.0
AS14.25,2014-04-20,6.8,0.0,0.0,0.663157894736842,2278.5250010490417,3.0,0.0,248.87300000000002,1041.9409999999996,29.174,0.0,210.67999999999998,50.215
AS14.25,2014-04-21,7.4,-0.4,0.8,2.174999999999999,1214.9119999408724,6.0,10.0,547.4320000000001,944.692,52.586999999999996,0.0,79.474,86.285
AS14.25,2014-04-22,8.25,0.25,1.0,2.9371379911756517,1432.2799999713898,9.0,0.0,533.0289999999998,799.5500000000002,66.156,2.007,202.11499999999998,45.257
AS14.25,2014-04-23,6.5,-0.5,0.0,1.8225206611570253,1332.0179996490479,4.0,4.0,542.6509999999997,1238.683,47.525000000000006,6.055999999999999,276.402,9.127
AS14.25,2014-04-24,6.0,-1.2,0.0,2.058333333333333,1978.412000656128,7.0,0.0,527.0619999999996,1688.3779999999997,63.346,0.0,160.67200000000003,126.40400000000001
AS14.25,2014-04-25,6.25,-0.25,-0.25,1.3249999999999997,1089.2589998245242,2.0,0.0,389.7520000000001,823.1069999999999,40.517,2.012,206.352,41.306
AS14.25,2014-04-26,7.0,0.5,1.0,2.0524279196739093,999.516000032425,6.0,0.0,311.1999999999999,463.81699999999995,44.598,0.0,0.0,0.0
AS14.25,2014-04-27,7.4,0.0,0.8,0.28854453627180904,801.318999052048,1.0,0.0,230.65900000000002,347.28800000000007,102.818,10.158999999999999,245.61199999999997,0.0
AS14.25,2014-04-28,7.2,0.0,0.4,2.9116246498599447,2230.924998760224,12.0,4.0,695.279,1315.6879999999994,45.981,2.007,4.081,73.589
AS14.25,2014-04-29,6.0,-1.2,-0.6,1.9911157024793378,1857.4360001087189,10.0,10.0,441.05899999999986,1136.309,102.92999999999999,0.0,5.043,32.711
AS14.25,2014-04-30,6.2,0.8,-0.4,2.4961788488980496,1671.5610003471375,5.0,2.0,489.049,1286.7730000000001,85.46799999999999,0.0,4.013,81.86600000000001
AS14.25,2014-05-01,7.0,-1.0,0.4,2.090944973030535,2439.810998916626,20.0,0.0,624.5399999999998,1238.105,66.531,17.101999999999997,120.227,161.868
AS14.25,2014-05-02,6.5,-0.75,0.0,3.3026315789473686,1775.2040004730222,11.0,2.0,389.929,1089.8349999999996,41.279,0.0,171.17000000000002,74.994
AS14.25,2014-05-03,6.4,-0.25,0.0,1.4222222222222212,533.8759996891023,3.0,0.0,220.96699999999998,309.01099999999997,34.164,0.0,108.259,0.0
AS14.25,2014-05-04,7.2,1.0,0.6,2.490468952851398,1801.6689982414246,3.0,1.0,479.04200000000003,749.7289999999998,47.406,0.0,8.017,398.15700000000004
AS14.25,2014-05-05,6.666666666666667,-1.0,0.0,1.720435061076772,1732.023999452591,9.0,0.0,343.2719999999999,915.6549999999997,19.17,10.065999999999999,25.169,16.079
AS14.25,2014-05-07,6.8,-0.4,0.0,1.6827419967702109,1050.1000006198883,,1.0,333.8419999999999,742.8029999999999,47.145,7.066,141.049,6.024
AS14.29,2014-04-02,8.5,0.25,1.5,1.9965571782676188,626.6859993934634,0.0,2.0,17.215,342.62399999999997,22.488,133.51200000000003,283.77500000000003,14.126000000000001
AS14.29,2014-04-03,7.25,-1.0,0.25,3.3964441576003455,1150.7039997577665,0.0,0.0,56.77500000000001,925.4100000000003,0.0,160.32699999999997,166.591,5.055
AS14.29,2014-04-04,8.0,-1.25,0.75,0.3630310128934234,601.2199993133544,1.0,0.0,13.521999999999998,310.63300000000004,50.324,94.052,348.98999999999995,72.881
AS14.29,2014-04-05,8.2,0.8,0.8,3.5971715990000845,2174.0780005455017,0.0,2.0,61.765,991.4269999999997,36.242,388.43299999999994,646.4499999999999,40.512
AS14.29,2014-04-06,7.75,0.0,0.8,1.7195301759246304,810.7209994792938,0.0,6.0,21.2,452.501,48.187,224.04,833.7349999999998,15.058
AS14.29,2014-04-07,7.2,-0.6,0.2,3.51736694677871,2494.0679998397827,0.0,0.0,41.388000000000005,795.2420000000001,58.236,388.846,2034.9730000000004,0.0
AS14.29,2014-04-08,7.8,-0.8,1.0,3.301609523354869,2365.675000667572,0.0,4.0,125.137,1320.4049999999997,43.198,473.6110000000001,1471.327,89.01
AS14.29,2014-04-09,7.6,0.4,0.4,1.5732861400894191,794.5480005741119,0.0,0.0,24.334,516.055,42.504999999999995,178.38500000000002,321.798,2.0149999999999997
AS14.29,2014-04-10,8.6,0.4,1.4,3.017588356492186,1348.4179980754852,1.0,3.0,67.727,592.943,55.28699999999999,294.34,807.289,0.0
AS14.29,2014-04-11,7.2,0.2,0.6,0.4554776339519667,1000.6330008506775,0.0,0.0,26.098999999999997,460.46799999999996,36.215999999999994,178.4,1040.469,4.041
AS14.29,2014-04-12,8.25,1.0,0.75,2.7712789794142902,788.2719995975496,0.0,1.0,41.527,462.8069999999998,66.49300000000001,183.65099999999998,50.4,28.107
AS14.29,2014-04-13,8.2,0.0,0.6,1.7998588292565771,1342.8619980812073,0.0,0.0,36.023,934.1080000000001,64.56700000000001,282.75600000000003,512.0280000000001,125.55799999999999
AS14.29,2014-04-14,8.0,-0.8,1.0,3.387792503801653,1366.591000556946,0.0,0.0,46.169000000000004,754.1019999999999,39.779,289.306,918.707,0.0
AS14.29,2014-04-15,8.25,-0.5,1.0,3.355513849694512,2138.9739968776703,0.0,1.0,18.172,1174.8559999999998,57.318999999999996,375.57500000000005,1195.322,0.0
AS14.29,2014-04-16,7.8,0.0,1.0,0.7653496459251136,1849.3869991302488,1.0,5.0,69.89800000000002,871.9490000000002,21.137999999999998,317.9099999999999,1590.6840000000004,77.25699999999999
AS14.29,2014-04-17,7.6,0.8,0.8,2.40726151077491,1915.433000802994,2.0,4.0,55.048000000000016,1226.8490000000002,41.187,403.8950000000001,933.2429999999995,23.158
AS14.29,2014-04-18,8.0,-0.25,0.25,3.5599539200400403,1428.6609997749329,1.0,1.0,118.88400000000001,560.9870000000001,39.378,295.0370000000001,827.0160000000003,4.031
AS14.29,2014-04-19,7.0,-0.6,0.2,1.6999999999999984,860.7589995861052,1.0,3.0,58.129,693.2619999999997,34.144,227.76900000000003,1060.45,30.28
AS14.29,2014-04-20,7.5,-0.5,0.75,0.20201149425287362,342.8150002956388,0.0,0.0,35.089,144.79799999999997,20.101,111.65300000000002,513.21,0.0
AS14.29,2014-04-21,7.2,0.0,0.4,2.658333333333333,383.75699973106373,0.0,0.0,22.957,497.86600000000004,42.314,142.932,268.18699999999995,0.0
AS14.29,2014-04-22,6.4,-0.2,0.0,3.995184558889636,2392.448999404907,3.0,11.0,119.06300000000002,1617.5,47.538000000000004,450.20199999999994,1380.2529999999997,268.901
AS14.29,2014-04-23,7.6,0.6,0.6,2.2754717416356276,1523.9170014858244,4.0,1.0,128.275,981.5420000000001,38.202,421.5969999999997,632.0209999999998,144.69400000000002
AS14.29,2014-04-24,7.8,0.2,1.0,4.478715631857907,2253.3520019054413,0.0,3.0,106.29599999999998,1298.3330000000003,48.217000000000006,557.657,816.1399999999999,94.39200000000001
AS14.29,2014-04-25,7.5,0.0,0.75,2.80683657660214,1223.1540007591245,0.0,1.0,19.103,574.877,46.355,194.41700000000003,129.404,59.014
AS14.29,2014-04-26,6.0,0.0,0.0,6.464042224299095,2134.1520030498505,2.0,4.0,92.162,1358.6189999999995,24.114,348.69500000000005,805.8870000000001,47.182
AS14.29,2014-04-27,6.5,-0.75,0.0,1.077494358271751,815.4560003280639,0.0,0.0,84.58600000000001,456.36400000000003,35.148,201.307,435.913,0.0
AS14.29,2014-04-28,7.0,-0.4,0.4,1.8910117699460676,1156.5470006465914,0.0,0.0,94.798,799.1320000000002,34.17,250.44900000000007,193.17899999999995,69.632
AS14.29,2014-04-29,7.6,0.4,0.8,5.00456132080075,2499.521996974945,0.0,1.0,172.83799999999997,1409.2769999999996,48.324999999999996,432.25699999999983,1100.657,35.59
AS14.29,2014-04-30,7.8,-0.4,0.2,2.189158419685718,972.4049994945527,1.0,2.0,92.09500000000001,698.142,36.142,260.76099999999985,344.6479999999999,50.56
AS14.29,2014-05-01,7.6,0.0,0.4,3.1640230491987222,1606.3899986743927,0.0,0.0,90.474,1240.859,35.15,222.371,502.54400000000004,0.0
AS14.29,2014-05-03,8.0,1.0,1.0,6.99715481948748,889.8380005359649,0.0,2.0,56.711,36.364999999999995,14.052,106.08500000000002,124.394,0.0
AS14.29,2014-05-04,8.0,-1.0,1.0,8.205612971261393,931.3659999370573,1.0,7.0,32.556,332.0460000000001,27.162,200.023,144.35899999999998,0.0
AS14.29,2014-05-05,7.333333333333333,-0.3333333333333333,0.6666666666666666,5.134588111101922,1580.859999895096,9.0,17.0,190.73799999999997,784.093,15.044,258.79499999999996,95.281,151.332
AS14.29,2014-05-07,7.8,-0.2,0.8,0.8272448407156762,612.6000003814698,0.0,0.0,8.045,231.791,43.242000000000004,81.973,323.729,0.0
AS14.29,2014-05-08,7.8,0.4,1.0,2.8246392521923327,1402.8790020942686,1.0,2.0,116.20700000000004,1015.9729999999996,33.964999999999996,286.5020000000002,1478.8819999999996,0.0
AS14.29,2014-05-09,7.4,-0.4,0.6,1.3984778250328964,621.3550007343291,1.0,0.0,38.449999999999996,579.766,33.483,216.31199999999998,486.611,0.0
AS14.29,2014-05-10,7.0,-0.2,0.4,2.9361459966386385,2102.2799997329716,1.0,1.0,83.47299999999997,911.1909999999999,76.69200000000001,327.06600000000014,1284.439999999999,3.0940000000000003
AS14.29,2014-05-11,7.0,-0.8,0.4,0.3642028542920709,728.3699998855591,0.0,0.0,67.76400000000001,406.65699999999987,62.325,214.32100000000003,1160.6279999999995,0.0
AS14.29,2014-05-12,7.6,-0.2,0.8,3.438891987648675,2328.525000095367,0.0,6.0,161.06199999999995,1648.4390000000012,44.259,498.4369999999999,1620.229,21.286
AS14.30,2014-03-24,7.8,-0.2,1.0,2.0170322832689553,828.2379994392395,0.0,0.0,372.052,913.2030000000004,51.65,75.41000000000001,466.131,81.464
AS14.30,2014-03-25,8.0,-0.2,1.0,2.1463485394157664,1892.958001613617,2.0,0.0,355.754,1213.7100000000003,52.212999999999994,25.429,476.11099999999993,37.20399999999999
AS14.30,2014-03-26,6.8,0.2,0.6,3.0138189376907185,1684.5240006446836,15.0,0.0,467.58599999999996,1324.5290000000002,33.397,0.0,449.5450000000001,64.328
AS14.30,2014-03-27,7.75,-0.75,1.0,2.4019994071036606,1612.0970003604887,2.0,0.0,406.5580000000001,1265.3129999999996,79.523,13.057,469.1499999999999,99.94500000000001
AS14.30,2014-03-28,7.8,0.0,1.0,4.222921890611353,1988.8480017185211,2.0,0.0,377.67199999999997,1510.1850000000009,67.91199999999999,13.088,456.324,94.05000000000001
AS14.30,2014-03-29,8.4,-1.4,1.0,1.855341235651731,811.8870005607605,2.0,0.0,233.73,836.1360000000001,43.22,0.0,211.504,62.824999999999996
AS14.30,2014-03-30,7.6,-1.2,1.0,1.8024014577424543,1263.2830007076266,6.0,0.0,309.72499999999997,514.6560000000001,103.79000000000002,0.0,222.59699999999998,77.33500000000001
AS14.30,2014-03-31,7.6,-0.8,1.0,3.517792628314821,1738.9809997081757,0.0,0.0,388.4339999999997,1597.2759999999998,154.988,0.0,427.159,92.838
AS14.30,2014-04-01,7.8,-1.2,1.2,2.3572512162759844,1933.4319999217985,6.0,2.0,288.253,1010.9239999999998,59.39799999999999,16.09,254.70299999999997,57.801
AS14.30,2014-04-02,7.6,-0.6,0.6,2.1286771744696007,1333.0309982299805,0.0,0.0,322.20999999999987,826.16,91.62299999999999,13.048,188.50300000000001,13.581
AS14.30,2014-04-03,8.0,0.2,1.0,2.0027662243571718,1388.5130007266998,1.0,0.0,379.2209999999998,683.4569999999998,101.143,3.015,213.57500000000002,36.171
AS14.30,2014-04-04,7.8,-1.2,1.0,2.280645017401029,1605.512000083923,3.0,0.0,453.61899999999974,1341.6149999999998,23.177,36.137,310.558,122.036
AS14.30,2014-04-05,8.0,-0.8,1.0,0.9456907127959762,701.2229995727539,2.0,0.0,223.09199999999993,451.75000000000006,40.845000000000006,21.149,199.695,51.39699999999999
AS14.30,2014-04-06,8.0,-1.2,1.0,1.0014198467343525,1235.8720004558563,0.0,0.0,146.089,267.462,56.440999999999995,0.0,252.51099999999997,6.13
AS14.30,2014-04-07,7.6,0.0,1.0,1.8292823205981095,2380.9250001907344,0.0,0.0,173.27299999999997,1116.8049999999998,62.347,0.0,193.977,81.46900000000001
AS14.30,2014-04-08,7.8,-0.6,1.0,2.544360733430014,3087.7809989452367,0.0,0.0,175.10899999999995,1086.203,88.813,34.217999999999996,220.21800000000002,44.239000000000004
AS14.30,2014-04-09,7.75,-0.5,1.0,2.735906245238542,1412.9859993457794,3.0,5.0,268.231,999.5399999999997,59.531000000000006,4.011,146.13299999999998,29.163
AS14.30,2014-04-10,8.2,-1.0,1.0,2.1368518744989333,1247.3330011367798,0.0,2.0,337.3519999999998,1157.8869999999995,53.733000000000004,20.066000000000003,491.45000000000005,50.303000000000004
AS14.30,2014-04-11,7.666666666666667,-0.6666666666666666,0.6666666666666666,2.494916839681597,1565.760999917984,4.0,0.0,470.83099999999996,1026.5880000000002,71.42699999999999,30.910999999999998,773.601,99.24700000000001
AS14.30,2014-04-12,7.8,-1.0,1.2,0.6133414489008874,410.41800022125256,0.0,0.0,140.774,169.732,54.38399999999999,0.0,284.45799999999997,8.044999999999998
AS14.30,2014-04-13,7.2,-1.6,1.0,1.2621254950997156,765.9489996433256,1.0,0.0,281.6920000000001,358.286,34.35,24.107,118.13100000000001,44.408
AS14.30,2014-04-14,7.75,-0.25,1.0,2.562305146536646,1485.888000011444,0.0,0.0,348.6589999999998,1452.9869999999999,72.552,0.0,564.902,55.80000000000001
AS14.30,2014-04-15,7.6,-1.4,1.0,2.079564384741262,2195.4609990119934,4.0,0.0,260.7969999999999,762.3369999999999,34.745000000000005,0.0,626.74,59.119
AS14.30,2014-04-16,8.4,-0.4,1.4,2.3022448991976443,1872.5460000038147,2.0,0.0,178.41199999999998,1117.3240000000005,273.60400000000004,12.911999999999999,647.504,27.162999999999997
AS14.30,2014-04-17,7.6,-0.8,1.0,2.7413039446167917,1933.968000650406,0.0,0.0,248.502,1157.271,25.376,68.34299999999999,344.04999999999995,45.539
AS14.30,2014-04-18,7.4,-1.2,1.0,0.5358660950420304,962.8110001087186,0.0,0.0,194.14000000000004,671.9200000000002,26.247,17.085,550.106,14.052
AS14.30,2014-04-19,7.8,-1.2,1.0,1.2980949654862695,412.139999628067,1.0,0.0,207.63499999999993,346.37499999999994,145.922,11.042,436.927,47.186
AS14.30,2014-04-20,7.75,-1.25,1.0,1.0913892761391042,477.8820002079008,0.0,0.0,219.18200000000002,407.426,41.815000000000005,0.0,626.921,87.28299999999999
AS14.30,2014-04-21,7.8,-1.6,1.0,1.555876521900828,547.8949997425079,0.0,0.0,271.15899999999993,375.5439999999999,43.202999999999996,12.13,496.41299999999995,52.253
AS14.30,2014-04-22,8.0,-0.8,1.2,2.378147720580946,792.7600004673005,2.0,3.0,237.783,419.02900000000005,43.867,30.122000000000003,171.34699999999998,96.384
AS14.30,2014-04-23,7.6,-1.4,1.0,1.1235062335062334,1535.0900008678436,0.0,0.0,259.788,1007.5469999999996,49.351,66.387,414.8809999999999,37.22
AS14.30,2014-04-24,8.2,-1.2,1.2,1.7445691909543957,1566.1850013732912,0.0,0.0,224.892,1055.811,49.524,34.087,174.281,9.09
AS14.30,2014-04-25,7.5,-1.0,1.0,2.258221920541767,1243.650001525879,0.0,0.0,306.16900000000004,818.662,97.879,0.0,499.79499999999996,77.39999999999999
AS14.30,2014-04-26,7.8,-1.2,1.0,4.486349206349207,913.8919994831086,2.0,0.0,153.26100000000002,373.828,75.869,0.0,346.318,7.026
AS14.30,2014-04-27,7.8,-1.0,1.0,1.2608118646519644,121.2640001773834,1.0,0.0,90.251,243.44500000000002,51.483,0.0,258.509,42.141000000000005
AS14.30,2014-04-28,8.0,-1.0,1.0,2.8514635753128674,980.3109998703003,2.0,2.0,200.62500000000003,623.278,43.332,47.333999999999996,309.819,18.083000000000002
AS14.30,2014-04-29,8.0,-1.0,1.0,2.564948114408028,305.6539998054505,0.0,1.0,167.80099999999996,643.1399999999999,44.256,21.096,314.294,67.39900000000002
AS14.30,2014-04-30,7.8,-1.2,1.0,2.738419844626938,1655.6630017757418,6.0,,285.5089999999999,995.036,128.75599999999997,5.021,462.3180000000001,51.71099999999999
AS14.31,2014-04-05,7.4,0.8,0.6,5.836856609541774,234.47900032997129,5.0,0.0,232.63599999999997,195.22899999999996,45.220000000000006,3.045,74.67599999999999,54.261
AS14.31,2014-04-06,6.6,0.0,0.2,3.5167402839828656,235.47600007057193,1.0,1.0,137.95199999999997,351.836,6.023,3.01,58.28,5.078
AS14.31,2014-04-07,6.6,0.2,0.2,3.527290341111801,179.49600005149838,1.0,2.0,142.81300000000005,147.065,11.035,0.0,79.116,0.0
AS14.31,2014-04-08,7.0,0.6,0.6,3.148124201234285,968.8749990463256,1.0,0.0,265.5359999999999,382.9309999999999,94.07900000000001,2.401,206.901,14.572000000000001
AS14.31,2014-04-09,7.0,0.2,0.6,5.052188697318009,1553.8859996795652,1.0,0.0,309.6829999999999,779.5000000000002,53.059,3.006,176.882,6.04
AS14.31,2014-04-10,7.2,0.4,0.6,4.63072815829934,1444.317999601364,2.0,3.0,273.77700000000004,614.4889999999999,45.36,9.202,217.42200000000003,30.206000000000003
AS14.31,2014-04-11,7.8,0.6,1.2,6.53872180156928,2292.048999547959,10.0,2.0,575.5809999999997,1299.532,68.505,35.153,171.452,6.124
AS14.31,2014-04-12,7.0,0.6,0.8,4.6414123779446355,223.68900012969976,5.0,0.0,144.684,361.865,9.031,8.028,21.097,0.0
AS14.31,2014-04-13,6.8,-0.6,1.0,7.864665628535566,512.0430004596707,5.0,1.0,212.11,269.725,41.065,1.009,220.05199999999996,0.0
AS14.31,2014-04-14,6.2,-0.8,0.0,2.6848703212496323,757.6919994354248,0.0,2.0,223.798,565.3139999999999,73.539,8.317,134.35399999999998,0.0
AS14.31,2014-04-15,7.0,0.0,0.75,3.90490845803598,353.039999485016,1.0,0.0,90.03400000000003,392.639,16.063000000000002,0.0,29.955,24.894
AS14.31,2014-04-16,6.75,0.0,0.5,3.608568790953044,1081.101000070572,3.0,0.0,272.9820000000001,691.362,91.76500000000001,26.754000000000005,80.398,3.118
AS14.31,2014-04-17,7.0,0.6,1.0,4.218991494339529,1731.0149986743927,1.0,0.0,371.96599999999984,976.209,71.537,4.01,167.594,22.215
AS14.31,2014-04-18,6.8,0.2,0.8,2.0138888888888884,986.995999574661,4.0,0.0,155.12199999999999,577.762,56.89900000000001,0.0,234.438,8.041
AS14.31,2014-04-19,7.8,0.8,1.2,10.641086062299555,1344.6970000267029,4.0,0.0,315.72099999999995,725.4829999999997,22.173000000000002,0.0,15.056000000000001,13.038
AS14.31,2014-04-20,8.0,1.2,1.6,9.663506397253862,2274.4050006866455,0.0,0.0,407.9230000000001,1363.6139999999996,54.423,13.839,146.04500000000002,53.474000000000004
AS14.31,2014-04-21,6.4,0.2,0.4,2.950615454364366,939.2920005321502,1.0,2.0,370.9569999999999,403.65999999999997,86.15500000000002,0.0,223.79100000000003,38.723
AS14.31,2014-04-22,7.0,0.0,1.0,3.2903876074204046,989.3839983940127,0.0,4.0,290.39300000000003,440.8189999999999,71.57900000000001,0.0,308.70399999999995,15.045
AS14.31,2014-04-23,7.0,0.8,1.0,3.3916666666666675,1777.4750003814697,1.0,0.0,375.87899999999996,1047.4730000000004,65.879,74.19,73.85300000000001,13.103
AS14.31,2014-04-24,6.5,0.25,0.75,3.4,1256.5870010852811,1.0,0.0,264.92100000000005,580.5679999999999,43.305,4.008,103.36899999999999,63.206999999999994
AS14.31,2014-04-25,7.0,1.0,1.0,5.47231182795699,2641.926999092102,11.0,0.0,530.669,1087.413,43.169000000000004,0.0,164.11700000000002,37.17
AS14.31,2014-04-26,7.0,0.3333333333333333,1.0,11.53552351975273,3000.3470008373265,16.0,2.0,930.5029999999997,1648.255,47.814,4.0169999999999995,105.042,202.158
AS14.31,2014-04-27,7.4,1.0,1.2,2.1166666666666667,904.6579992771149,2.0,0.0,296.1990000000001,741.2629999999999,83.70799999999998,0.0,104.984,24.122
AS14.31,2014-04-28,6.8,0.8,0.8,2.916666666666666,1786.5579993724823,1.0,1.0,385.41499999999996,673.569,116.835,25.233999999999998,117.241,10.259
AS14.31,2014-04-29,7.0,0.3333333333333333,1.0,2.781267217630855,1756.8130002021787,2.0,4.0,496.89700000000005,1035.7110000000005,62.42999999999999,54.828,245.73899999999998,9.999
AS14.31,2014-04-30,7.0,0.4,0.8,3.295114942528734,1359.5499997138975,1.0,0.0,437.42499999999995,482.793,52.577,21.07,191.952,25.611
AS14.31,2014-05-01,7.0,0.8,1.0,1.0733657705640467,807.369000673294,0.0,3.0,252.1469999999999,377.32699999999994,44.523999999999994,13.128,56.077,9.031
AS14.31,2014-05-02,7.0,1.0,1.0,4.995882373394352,1378.931000471115,1.0,1.0,435.5200000000001,656.9119999999998,30.283,6.461,314.93499999999995,114.322
AS14.33,2014-05-28,8.2,0.0,1.2,2.479228071672377,1797.4219980239866,10.0,1.0,654.319,525.0200000000001,77.46300000000001,7.0249999999999995,1101.721,30.665999999999997
